CAH0482815.1	056a025d87e40004c9d0d4ad03693f65	491	Pfam	PF00610	Domain found in Dishevelled, Egl-10, and Pleckstrin (DEP)	208	286	7.5E-9	T	01-10-2025	IPR000591	DEP domain	-	-
CAH0482815.1	056a025d87e40004c9d0d4ad03693f65	491	Pfam	PF00168	C2 domain	31	84	440.0	T	01-10-2025	IPR000008	C2 domain	-	-
CAH0482815.1	056a025d87e40004c9d0d4ad03693f65	491	Pfam	PF00168	C2 domain	113	167	420.0	T	01-10-2025	IPR000008	C2 domain	-	-
CAH0484359.1	1f666b2280b44e4a842a5eb1c77768a4	878	Pfam	PF00168	C2 domain	287	382	3.1E-8	T	01-10-2025	IPR000008	C2 domain	-	-
CAH0484359.1	1f666b2280b44e4a842a5eb1c77768a4	878	Pfam	PF22749	Arb2 domain	22	222	1.3E-18	T	01-10-2025	IPR053858	Arb2 domain	-	-
CAH0484359.1	1f666b2280b44e4a842a5eb1c77768a4	878	Pfam	PF01363	FYVE zinc finger	437	486	0.0042	T	01-10-2025	IPR000306	FYVE zinc finger	-	-
CAH0484359.1	1f666b2280b44e4a842a5eb1c77768a4	878	Pfam	PF00069	Protein kinase domain	540	806	1.4E-66	T	01-10-2025	IPR000719	Protein kinase domain	-	-
CAH0490404.1	a2382c1f2b2043e14b2be83b245e0a4d	717	Pfam	PF00168	C2 domain	31	84	290.0	T	01-10-2025	IPR000008	C2 domain	-	-
CAH0490404.1	a2382c1f2b2043e14b2be83b245e0a4d	717	Pfam	PF00168	C2 domain	113	167	3000.0	T	01-10-2025	IPR000008	C2 domain	-	-
CAH0490404.1	a2382c1f2b2043e14b2be83b245e0a4d	717	Pfam	PF00069	Protein kinase domain	377	636	1.8E-55	T	01-10-2025	IPR000719	Protein kinase domain	-	-
CAH0490404.1	a2382c1f2b2043e14b2be83b245e0a4d	717	Pfam	PF00610	Domain found in Dishevelled, Egl-10, and Pleckstrin (DEP)	208	286	1.8E-7	T	01-10-2025	IPR000591	DEP domain	-	-
CAH0521871.1	f17b695751edea96bfabebd9c699e4f9	717	Pfam	PF00069	Protein kinase domain	377	636	1.3E-54	T	01-10-2025	IPR000719	Protein kinase domain	-	-
CAH0521871.1	f17b695751edea96bfabebd9c699e4f9	717	Pfam	PF00610	Domain found in Dishevelled, Egl-10, and Pleckstrin (DEP)	208	286	1.3E-8	T	01-10-2025	IPR000591	DEP domain	-	-
CAH0521871.1	f17b695751edea96bfabebd9c699e4f9	717	Pfam	PF00168	C2 domain	31	84	760.0	T	01-10-2025	IPR000008	C2 domain	-	-
CAH0521871.1	f17b695751edea96bfabebd9c699e4f9	717	Pfam	PF00168	C2 domain	113	167	690.0	T	01-10-2025	IPR000008	C2 domain	-	-
CAI5708946.1	e47bae769e6766b7c061f75089ae48f2	717	Pfam	PF00610	Domain found in Dishevelled, Egl-10, and Pleckstrin (DEP)	208	286	1.2E-7	T	01-10-2025	IPR000591	DEP domain	-	-
CAI5708946.1	e47bae769e6766b7c061f75089ae48f2	717	Pfam	PF00069	Protein kinase domain	377	636	5.8E-55	T	01-10-2025	IPR000719	Protein kinase domain	-	-
CAI5708946.1	e47bae769e6766b7c061f75089ae48f2	717	Pfam	PF00168	C2 domain	31	84	290.0	T	01-10-2025	IPR000008	C2 domain	-	-
CAI5708946.1	e47bae769e6766b7c061f75089ae48f2	717	Pfam	PF00168	C2 domain	113	167	3000.0	T	01-10-2025	IPR000008	C2 domain	-	-
CAI5709637.1	6653d2b0cd302b7cada8f4f2fe7aad0e	882	Pfam	PF00168	C2 domain	287	381	1.9E-7	T	01-10-2025	IPR000008	C2 domain	-	-
CAI5709637.1	6653d2b0cd302b7cada8f4f2fe7aad0e	882	Pfam	PF00069	Protein kinase domain	540	807	1.3E-66	T	01-10-2025	IPR000719	Protein kinase domain	-	-
CAI5709637.1	6653d2b0cd302b7cada8f4f2fe7aad0e	882	Pfam	PF22749	Arb2 domain	22	222	6.5E-20	T	01-10-2025	IPR053858	Arb2 domain	-	-
CAI5709637.1	6653d2b0cd302b7cada8f4f2fe7aad0e	882	Pfam	PF01363	FYVE zinc finger	435	486	3.1E-4	T	01-10-2025	IPR000306	FYVE zinc finger	-	-
CAI5716976.1	26eebf74b6bfeeaa97c9debe8ca003ae	717	Pfam	PF00069	Protein kinase domain	377	636	1.7E-55	T	01-10-2025	IPR000719	Protein kinase domain	-	-
CAI5716976.1	26eebf74b6bfeeaa97c9debe8ca003ae	717	Pfam	PF00610	Domain found in Dishevelled, Egl-10, and Pleckstrin (DEP)	208	286	1.8E-7	T	01-10-2025	IPR000591	DEP domain	-	-
CAI5716976.1	26eebf74b6bfeeaa97c9debe8ca003ae	717	Pfam	PF00168	C2 domain	31	84	290.0	T	01-10-2025	IPR000008	C2 domain	-	-
CAI5716976.1	26eebf74b6bfeeaa97c9debe8ca003ae	717	Pfam	PF00168	C2 domain	113	167	3000.0	T	01-10-2025	IPR000008	C2 domain	-	-
CAI5718987.1	302ab4e2dee45735b9af65f9ff87b0d5	718	Pfam	PF00069	Protein kinase domain	378	637	1.9E-53	T	01-10-2025	IPR000719	Protein kinase domain	-	-
CAI5718987.1	302ab4e2dee45735b9af65f9ff87b0d5	718	Pfam	PF00610	Domain found in Dishevelled, Egl-10, and Pleckstrin (DEP)	209	287	2.6E-8	T	01-10-2025	IPR000591	DEP domain	-	-
CAI5718987.1	302ab4e2dee45735b9af65f9ff87b0d5	718	Pfam	PF00168	C2 domain	32	85	1300.0	T	01-10-2025	IPR000008	C2 domain	-	-
CAI5723287.1	1f666b2280b44e4a842a5eb1c77768a4	878	Pfam	PF22749	Arb2 domain	22	222	1.3E-18	T	01-10-2025	IPR053858	Arb2 domain	-	-
CAI5723287.1	1f666b2280b44e4a842a5eb1c77768a4	878	Pfam	PF00168	C2 domain	287	382	3.1E-8	T	01-10-2025	IPR000008	C2 domain	-	-
CAI5723287.1	1f666b2280b44e4a842a5eb1c77768a4	878	Pfam	PF01363	FYVE zinc finger	437	486	0.0042	T	01-10-2025	IPR000306	FYVE zinc finger	-	-
CAI5723287.1	1f666b2280b44e4a842a5eb1c77768a4	878	Pfam	PF00069	Protein kinase domain	540	806	1.4E-66	T	01-10-2025	IPR000719	Protein kinase domain	-	-
CAI5738964.1	a2382c1f2b2043e14b2be83b245e0a4d	717	Pfam	PF00069	Protein kinase domain	377	636	1.8E-55	T	01-10-2025	IPR000719	Protein kinase domain	-	-
CAI5738964.1	a2382c1f2b2043e14b2be83b245e0a4d	717	Pfam	PF00610	Domain found in Dishevelled, Egl-10, and Pleckstrin (DEP)	208	286	1.8E-7	T	01-10-2025	IPR000591	DEP domain	-	-
CAI5738964.1	a2382c1f2b2043e14b2be83b245e0a4d	717	Pfam	PF00168	C2 domain	31	84	290.0	T	01-10-2025	IPR000008	C2 domain	-	-
CAI5738964.1	a2382c1f2b2043e14b2be83b245e0a4d	717	Pfam	PF00168	C2 domain	113	167	3000.0	T	01-10-2025	IPR000008	C2 domain	-	-
CAI5740127.1	1f666b2280b44e4a842a5eb1c77768a4	878	Pfam	PF00168	C2 domain	287	382	3.1E-8	T	01-10-2025	IPR000008	C2 domain	-	-
CAI5740127.1	1f666b2280b44e4a842a5eb1c77768a4	878	Pfam	PF01363	FYVE zinc finger	437	486	0.0042	T	01-10-2025	IPR000306	FYVE zinc finger	-	-
CAI5740127.1	1f666b2280b44e4a842a5eb1c77768a4	878	Pfam	PF22749	Arb2 domain	22	222	1.3E-18	T	01-10-2025	IPR053858	Arb2 domain	-	-
CAI5740127.1	1f666b2280b44e4a842a5eb1c77768a4	878	Pfam	PF00069	Protein kinase domain	540	806	1.4E-66	T	01-10-2025	IPR000719	Protein kinase domain	-	-
CAI5747265.1	01dbbabd33808935ef9c0ca77d49c501	877	Pfam	PF00168	C2 domain	287	382	6.5E-8	T	01-10-2025	IPR000008	C2 domain	-	-
CAI5747265.1	01dbbabd33808935ef9c0ca77d49c501	877	Pfam	PF00069	Protein kinase domain	539	805	6.0E-66	T	01-10-2025	IPR000719	Protein kinase domain	-	-
CAI5747265.1	01dbbabd33808935ef9c0ca77d49c501	877	Pfam	PF22749	Arb2 domain	22	222	2.0E-16	T	01-10-2025	IPR053858	Arb2 domain	-	-
CAI5747265.1	01dbbabd33808935ef9c0ca77d49c501	877	Pfam	PF01363	FYVE zinc finger	435	485	0.0028	T	01-10-2025	IPR000306	FYVE zinc finger	-	-
CCI43648.1	e89d703096b96c6d67b69c246ee8e091	924	Pfam	PF22749	Arb2 domain	19	220	1.4E-17	T	01-10-2025	IPR053858	Arb2 domain	-	-
CCI43648.1	e89d703096b96c6d67b69c246ee8e091	924	Pfam	PF00168	C2 domain	286	383	5.0E-8	T	01-10-2025	IPR000008	C2 domain	-	-
CCI43648.1	e89d703096b96c6d67b69c246ee8e091	924	Pfam	PF00069	Protein kinase domain	590	857	1.1E-64	T	01-10-2025	IPR000719	Protein kinase domain	-	-
CCI43648.1	e89d703096b96c6d67b69c246ee8e091	924	Pfam	PF01363	FYVE zinc finger	464	517	3.9E-4	T	01-10-2025	IPR000306	FYVE zinc finger	-	-
CCI48223.1	4c1194361ed2936601433893adcfdcde	856	Pfam	PF00069	Protein kinase domain	505	777	9.3E-53	T	01-10-2025	IPR000719	Protein kinase domain	-	-
CCI48223.1	4c1194361ed2936601433893adcfdcde	856	Pfam	PF00610	Domain found in Dishevelled, Egl-10, and Pleckstrin (DEP)	298	379	6.0E-6	T	01-10-2025	IPR000591	DEP domain	-	-
CCI49881.1	c87c711ed692524885cc6e79fa53607c	928	Pfam	PF22749	Arb2 domain	34	240	1.2E-19	T	01-10-2025	IPR053858	Arb2 domain	-	-
CCI49881.1	c87c711ed692524885cc6e79fa53607c	928	Pfam	PF01363	FYVE zinc finger	468	521	0.0026	T	01-10-2025	IPR000306	FYVE zinc finger	-	-
CCI49881.1	c87c711ed692524885cc6e79fa53607c	928	Pfam	PF00168	C2 domain	305	400	7.7E-6	T	01-10-2025	IPR000008	C2 domain	-	-
CCI49881.1	c87c711ed692524885cc6e79fa53607c	928	Pfam	PF00069	Protein kinase domain	592	861	2.6E-68	T	01-10-2025	IPR000719	Protein kinase domain	-	-
CCI50454.1	c0cb156d95293356e5b9742bf53908c4	1129	Pfam	PF00069	Protein kinase domain	778	1050	1.6E-52	T	01-10-2025	IPR000719	Protein kinase domain	-	-
CCI50454.1	c0cb156d95293356e5b9742bf53908c4	1129	Pfam	PF00610	Domain found in Dishevelled, Egl-10, and Pleckstrin (DEP)	571	652	8.6E-6	T	01-10-2025	IPR000591	DEP domain	-	-
CCI50454.1	c0cb156d95293356e5b9742bf53908c4	1129	Pfam	PF00627	UBA/TS-N domain	290	325	2.3E-8	T	01-10-2025	IPR015940	Ubiquitin-associated domain	-	-
CEG44184.1	4d5f436ec500a37db8d9cd141f222654	713	Pfam	PF00610	Domain found in Dishevelled, Egl-10, and Pleckstrin (DEP)	208	286	1.9E-9	T	01-10-2025	IPR000591	DEP domain	-	-
CEG44184.1	4d5f436ec500a37db8d9cd141f222654	713	Pfam	PF00069	Protein kinase domain	373	632	1.0E-55	T	01-10-2025	IPR000719	Protein kinase domain	-	-
CEG44184.1	4d5f436ec500a37db8d9cd141f222654	713	Pfam	PF00168	C2 domain	31	84	1000.0	T	01-10-2025	IPR000008	C2 domain	-	-
CEG44184.1	4d5f436ec500a37db8d9cd141f222654	713	Pfam	PF00168	C2 domain	113	167	2800.0	T	01-10-2025	IPR000008	C2 domain	-	-
CEG48076.1	956e45b71de9274990eacd15ea0d028a	882	Pfam	PF00069	Protein kinase domain	544	811	2.0E-66	T	01-10-2025	IPR000719	Protein kinase domain	-	-
CEG48076.1	956e45b71de9274990eacd15ea0d028a	882	Pfam	PF22749	Arb2 domain	13	222	4.6E-19	T	01-10-2025	IPR053858	Arb2 domain	-	-
CEG48076.1	956e45b71de9274990eacd15ea0d028a	882	Pfam	PF00168	C2 domain	287	382	1.9E-7	T	01-10-2025	IPR000008	C2 domain	-	-
CEG48076.1	956e45b71de9274990eacd15ea0d028a	882	Pfam	PF01363	FYVE zinc finger	438	488	2.6E-4	T	01-10-2025	IPR000306	FYVE zinc finger	-	-
DAZ96507.1	bb7bfe68bb4555db22893be4efa2680f	879	Pfam	PF22749	Arb2 domain	21	221	1.1E-20	T	01-10-2025	IPR053858	Arb2 domain	-	-
DAZ96507.1	bb7bfe68bb4555db22893be4efa2680f	879	Pfam	PF00168	C2 domain	288	383	2.4E-9	T	01-10-2025	IPR000008	C2 domain	-	-
DAZ96507.1	bb7bfe68bb4555db22893be4efa2680f	879	Pfam	PF01363	FYVE zinc finger	436	489	1.1E-4	T	01-10-2025	IPR000306	FYVE zinc finger	-	-
DAZ96507.1	bb7bfe68bb4555db22893be4efa2680f	879	Pfam	PF00069	Protein kinase domain	544	810	1.0E-66	T	01-10-2025	IPR000719	Protein kinase domain	-	-
EEY53149.1	678795f992b82912ea00d03eb47747ec	883	Pfam	PF00168	C2 domain	285	380	1.2E-8	T	01-10-2025	IPR000008	C2 domain	-	-
EEY53149.1	678795f992b82912ea00d03eb47747ec	883	Pfam	PF01363	FYVE zinc finger	436	485	0.0026	T	01-10-2025	IPR000306	FYVE zinc finger	-	-
EEY53149.1	678795f992b82912ea00d03eb47747ec	883	Pfam	PF22749	Arb2 domain	11	220	5.4E-20	T	01-10-2025	IPR053858	Arb2 domain	-	-
EEY53149.1	678795f992b82912ea00d03eb47747ec	883	Pfam	PF00069	Protein kinase domain	541	808	1.2E-66	T	01-10-2025	IPR000719	Protein kinase domain	-	-
EEY56190.1	9da86c00f8d5a3463173891a7428dc9d	713	Pfam	PF00069	Protein kinase domain	373	632	3.2E-54	T	01-10-2025	IPR000719	Protein kinase domain	-	-
EEY56190.1	9da86c00f8d5a3463173891a7428dc9d	713	Pfam	PF00168	C2 domain	113	167	690.0	T	01-10-2025	IPR000008	C2 domain	-	-
EEY56190.1	9da86c00f8d5a3463173891a7428dc9d	713	Pfam	PF00168	C2 domain	31	84	140.0	T	01-10-2025	IPR000008	C2 domain	-	-
EEY56190.1	9da86c00f8d5a3463173891a7428dc9d	713	Pfam	PF00610	Domain found in Dishevelled, Egl-10, and Pleckstrin (DEP)	208	286	9.4E-10	T	01-10-2025	IPR000591	DEP domain	-	-
EGZ10650.1	0748839f371226e8bc89b998d72e1951	715	Pfam	PF00610	Domain found in Dishevelled, Egl-10, and Pleckstrin (DEP)	209	286	3.6E-9	T	01-10-2025	IPR000591	DEP domain	-	-
EGZ10650.1	0748839f371226e8bc89b998d72e1951	715	Pfam	PF00168	C2 domain	31	84	160.0	T	01-10-2025	IPR000008	C2 domain	-	-
EGZ10650.1	0748839f371226e8bc89b998d72e1951	715	Pfam	PF00168	C2 domain	113	167	2800.0	T	01-10-2025	IPR000008	C2 domain	-	-
EGZ10650.1	0748839f371226e8bc89b998d72e1951	715	Pfam	PF00069	Protein kinase domain	375	644	4.7E-55	T	01-10-2025	IPR000719	Protein kinase domain	-	-
EGZ25435.1	1cda8386360505199fffca8679b4610f	858	Pfam	PF22749	Arb2 domain	3	198	2.3E-18	T	01-10-2025	IPR053858	Arb2 domain	-	-
EGZ25435.1	1cda8386360505199fffca8679b4610f	858	Pfam	PF00168	C2 domain	263	358	9.7E-9	T	01-10-2025	IPR000008	C2 domain	-	-
EGZ25435.1	1cda8386360505199fffca8679b4610f	858	Pfam	PF00069	Protein kinase domain	516	783	6.5E-67	T	01-10-2025	IPR000719	Protein kinase domain	-	-
EGZ25435.1	1cda8386360505199fffca8679b4610f	858	Pfam	PF01363	FYVE zinc finger	412	461	0.0018	T	01-10-2025	IPR000306	FYVE zinc finger	-	-
ETI31649.1	b515791e29f44d7b44536daad95733ef	713	Pfam	PF00610	Domain found in Dishevelled, Egl-10, and Pleckstrin (DEP)	209	286	3.6E-9	T	01-10-2025	IPR000591	DEP domain	-	-
ETI31649.1	b515791e29f44d7b44536daad95733ef	713	Pfam	PF00168	C2 domain	113	167	2800.0	T	01-10-2025	IPR000008	C2 domain	-	-
ETI31649.1	b515791e29f44d7b44536daad95733ef	713	Pfam	PF00168	C2 domain	31	84	370.0	T	01-10-2025	IPR000008	C2 domain	-	-
ETI31649.1	b515791e29f44d7b44536daad95733ef	713	Pfam	PF00069	Protein kinase domain	373	632	2.5E-54	T	01-10-2025	IPR000719	Protein kinase domain	-	-
ETI47029.1	ed1be7854e54feb50b34ba118ee60ed2	886	Pfam	PF00168	C2 domain	287	382	3.2E-8	T	01-10-2025	IPR000008	C2 domain	-	-
ETI47029.1	ed1be7854e54feb50b34ba118ee60ed2	886	Pfam	PF00069	Protein kinase domain	543	810	4.1E-67	T	01-10-2025	IPR000719	Protein kinase domain	-	-
ETI47029.1	ed1be7854e54feb50b34ba118ee60ed2	886	Pfam	PF01363	FYVE zinc finger	438	487	0.0026	T	01-10-2025	IPR000306	FYVE zinc finger	-	-
ETI47029.1	ed1be7854e54feb50b34ba118ee60ed2	886	Pfam	PF22749	Arb2 domain	13	222	5.5E-21	T	01-10-2025	IPR053858	Arb2 domain	-	-
ETI47030.1	ed1be7854e54feb50b34ba118ee60ed2	886	Pfam	PF00168	C2 domain	287	382	3.2E-8	T	01-10-2025	IPR000008	C2 domain	-	-
ETI47030.1	ed1be7854e54feb50b34ba118ee60ed2	886	Pfam	PF00069	Protein kinase domain	543	810	4.1E-67	T	01-10-2025	IPR000719	Protein kinase domain	-	-
ETI47030.1	ed1be7854e54feb50b34ba118ee60ed2	886	Pfam	PF01363	FYVE zinc finger	438	487	0.0026	T	01-10-2025	IPR000306	FYVE zinc finger	-	-
ETI47030.1	ed1be7854e54feb50b34ba118ee60ed2	886	Pfam	PF22749	Arb2 domain	13	222	5.5E-21	T	01-10-2025	IPR053858	Arb2 domain	-	-
ETI47031.1	a3f8b8307a963ac173c2b5d691844084	862	Pfam	PF00069	Protein kinase domain	519	786	3.9E-67	T	01-10-2025	IPR000719	Protein kinase domain	-	-
ETI47031.1	a3f8b8307a963ac173c2b5d691844084	862	Pfam	PF00168	C2 domain	263	358	3.1E-8	T	01-10-2025	IPR000008	C2 domain	-	-
ETI47031.1	a3f8b8307a963ac173c2b5d691844084	862	Pfam	PF22749	Arb2 domain	3	198	1.2E-19	T	01-10-2025	IPR053858	Arb2 domain	-	-
ETI47031.1	a3f8b8307a963ac173c2b5d691844084	862	Pfam	PF01363	FYVE zinc finger	414	463	0.0025	T	01-10-2025	IPR000306	FYVE zinc finger	-	-
ETK72039.1	b515791e29f44d7b44536daad95733ef	713	Pfam	PF00168	C2 domain	113	167	2800.0	T	01-10-2025	IPR000008	C2 domain	-	-
ETK72039.1	b515791e29f44d7b44536daad95733ef	713	Pfam	PF00168	C2 domain	31	84	370.0	T	01-10-2025	IPR000008	C2 domain	-	-
ETK72039.1	b515791e29f44d7b44536daad95733ef	713	Pfam	PF00610	Domain found in Dishevelled, Egl-10, and Pleckstrin (DEP)	209	286	3.6E-9	T	01-10-2025	IPR000591	DEP domain	-	-
ETK72039.1	b515791e29f44d7b44536daad95733ef	713	Pfam	PF00069	Protein kinase domain	373	632	2.5E-54	T	01-10-2025	IPR000719	Protein kinase domain	-	-
ETK86957.1	ed1be7854e54feb50b34ba118ee60ed2	886	Pfam	PF00168	C2 domain	287	382	3.2E-8	T	01-10-2025	IPR000008	C2 domain	-	-
ETK86957.1	ed1be7854e54feb50b34ba118ee60ed2	886	Pfam	PF00069	Protein kinase domain	543	810	4.1E-67	T	01-10-2025	IPR000719	Protein kinase domain	-	-
ETK86957.1	ed1be7854e54feb50b34ba118ee60ed2	886	Pfam	PF01363	FYVE zinc finger	438	487	0.0026	T	01-10-2025	IPR000306	FYVE zinc finger	-	-
ETK86957.1	ed1be7854e54feb50b34ba118ee60ed2	886	Pfam	PF22749	Arb2 domain	13	222	5.5E-21	T	01-10-2025	IPR053858	Arb2 domain	-	-
ETK86958.1	ed1be7854e54feb50b34ba118ee60ed2	886	Pfam	PF01363	FYVE zinc finger	438	487	0.0026	T	01-10-2025	IPR000306	FYVE zinc finger	-	-
ETK86958.1	ed1be7854e54feb50b34ba118ee60ed2	886	Pfam	PF22749	Arb2 domain	13	222	5.5E-21	T	01-10-2025	IPR053858	Arb2 domain	-	-
ETK86958.1	ed1be7854e54feb50b34ba118ee60ed2	886	Pfam	PF00168	C2 domain	287	382	3.2E-8	T	01-10-2025	IPR000008	C2 domain	-	-
ETK86958.1	ed1be7854e54feb50b34ba118ee60ed2	886	Pfam	PF00069	Protein kinase domain	543	810	4.1E-67	T	01-10-2025	IPR000719	Protein kinase domain	-	-
ETK86959.1	a3f8b8307a963ac173c2b5d691844084	862	Pfam	PF00069	Protein kinase domain	519	786	3.9E-67	T	01-10-2025	IPR000719	Protein kinase domain	-	-
ETK86959.1	a3f8b8307a963ac173c2b5d691844084	862	Pfam	PF00168	C2 domain	263	358	3.1E-8	T	01-10-2025	IPR000008	C2 domain	-	-
ETK86959.1	a3f8b8307a963ac173c2b5d691844084	862	Pfam	PF22749	Arb2 domain	3	198	1.2E-19	T	01-10-2025	IPR053858	Arb2 domain	-	-
ETK86959.1	a3f8b8307a963ac173c2b5d691844084	862	Pfam	PF01363	FYVE zinc finger	414	463	0.0025	T	01-10-2025	IPR000306	FYVE zinc finger	-	-
ETL25468.1	b515791e29f44d7b44536daad95733ef	713	Pfam	PF00610	Domain found in Dishevelled, Egl-10, and Pleckstrin (DEP)	209	286	3.6E-9	T	01-10-2025	IPR000591	DEP domain	-	-
ETL25468.1	b515791e29f44d7b44536daad95733ef	713	Pfam	PF00168	C2 domain	113	167	2800.0	T	01-10-2025	IPR000008	C2 domain	-	-
ETL25468.1	b515791e29f44d7b44536daad95733ef	713	Pfam	PF00168	C2 domain	31	84	370.0	T	01-10-2025	IPR000008	C2 domain	-	-
ETL25468.1	b515791e29f44d7b44536daad95733ef	713	Pfam	PF00069	Protein kinase domain	373	632	2.5E-54	T	01-10-2025	IPR000719	Protein kinase domain	-	-
ETL40371.1	ed1be7854e54feb50b34ba118ee60ed2	886	Pfam	PF22749	Arb2 domain	13	222	5.5E-21	T	01-10-2025	IPR053858	Arb2 domain	-	-
ETL40371.1	ed1be7854e54feb50b34ba118ee60ed2	886	Pfam	PF00069	Protein kinase domain	543	810	4.1E-67	T	01-10-2025	IPR000719	Protein kinase domain	-	-
ETL40371.1	ed1be7854e54feb50b34ba118ee60ed2	886	Pfam	PF01363	FYVE zinc finger	438	487	0.0026	T	01-10-2025	IPR000306	FYVE zinc finger	-	-
ETL40371.1	ed1be7854e54feb50b34ba118ee60ed2	886	Pfam	PF00168	C2 domain	287	382	3.2E-8	T	01-10-2025	IPR000008	C2 domain	-	-
ETL40372.1	ed1be7854e54feb50b34ba118ee60ed2	886	Pfam	PF00168	C2 domain	287	382	3.2E-8	T	01-10-2025	IPR000008	C2 domain	-	-
ETL40372.1	ed1be7854e54feb50b34ba118ee60ed2	886	Pfam	PF00069	Protein kinase domain	543	810	4.1E-67	T	01-10-2025	IPR000719	Protein kinase domain	-	-
ETL40372.1	ed1be7854e54feb50b34ba118ee60ed2	886	Pfam	PF01363	FYVE zinc finger	438	487	0.0026	T	01-10-2025	IPR000306	FYVE zinc finger	-	-
ETL40372.1	ed1be7854e54feb50b34ba118ee60ed2	886	Pfam	PF22749	Arb2 domain	13	222	5.5E-21	T	01-10-2025	IPR053858	Arb2 domain	-	-
ETL40373.1	a3f8b8307a963ac173c2b5d691844084	862	Pfam	PF01363	FYVE zinc finger	414	463	0.0025	T	01-10-2025	IPR000306	FYVE zinc finger	-	-
ETL40373.1	a3f8b8307a963ac173c2b5d691844084	862	Pfam	PF22749	Arb2 domain	3	198	1.2E-19	T	01-10-2025	IPR053858	Arb2 domain	-	-
ETL40373.1	a3f8b8307a963ac173c2b5d691844084	862	Pfam	PF00168	C2 domain	263	358	3.1E-8	T	01-10-2025	IPR000008	C2 domain	-	-
ETL40373.1	a3f8b8307a963ac173c2b5d691844084	862	Pfam	PF00069	Protein kinase domain	519	786	3.9E-67	T	01-10-2025	IPR000719	Protein kinase domain	-	-
ETL78680.1	b515791e29f44d7b44536daad95733ef	713	Pfam	PF00168	C2 domain	113	167	2800.0	T	01-10-2025	IPR000008	C2 domain	-	-
ETL78680.1	b515791e29f44d7b44536daad95733ef	713	Pfam	PF00168	C2 domain	31	84	370.0	T	01-10-2025	IPR000008	C2 domain	-	-
ETL78680.1	b515791e29f44d7b44536daad95733ef	713	Pfam	PF00610	Domain found in Dishevelled, Egl-10, and Pleckstrin (DEP)	209	286	3.6E-9	T	01-10-2025	IPR000591	DEP domain	-	-
ETL78680.1	b515791e29f44d7b44536daad95733ef	713	Pfam	PF00069	Protein kinase domain	373	632	2.5E-54	T	01-10-2025	IPR000719	Protein kinase domain	-	-
ETL93523.1	ed1be7854e54feb50b34ba118ee60ed2	886	Pfam	PF00168	C2 domain	287	382	3.2E-8	T	01-10-2025	IPR000008	C2 domain	-	-
ETL93523.1	ed1be7854e54feb50b34ba118ee60ed2	886	Pfam	PF00069	Protein kinase domain	543	810	4.1E-67	T	01-10-2025	IPR000719	Protein kinase domain	-	-
ETL93523.1	ed1be7854e54feb50b34ba118ee60ed2	886	Pfam	PF01363	FYVE zinc finger	438	487	0.0026	T	01-10-2025	IPR000306	FYVE zinc finger	-	-
ETL93523.1	ed1be7854e54feb50b34ba118ee60ed2	886	Pfam	PF22749	Arb2 domain	13	222	5.5E-21	T	01-10-2025	IPR053858	Arb2 domain	-	-
ETL93524.1	ed1be7854e54feb50b34ba118ee60ed2	886	Pfam	PF00168	C2 domain	287	382	3.2E-8	T	01-10-2025	IPR000008	C2 domain	-	-
ETL93524.1	ed1be7854e54feb50b34ba118ee60ed2	886	Pfam	PF00069	Protein kinase domain	543	810	4.1E-67	T	01-10-2025	IPR000719	Protein kinase domain	-	-
ETL93524.1	ed1be7854e54feb50b34ba118ee60ed2	886	Pfam	PF01363	FYVE zinc finger	438	487	0.0026	T	01-10-2025	IPR000306	FYVE zinc finger	-	-
ETL93524.1	ed1be7854e54feb50b34ba118ee60ed2	886	Pfam	PF22749	Arb2 domain	13	222	5.5E-21	T	01-10-2025	IPR053858	Arb2 domain	-	-
ETL93525.1	a3f8b8307a963ac173c2b5d691844084	862	Pfam	PF01363	FYVE zinc finger	414	463	0.0025	T	01-10-2025	IPR000306	FYVE zinc finger	-	-
ETL93525.1	a3f8b8307a963ac173c2b5d691844084	862	Pfam	PF00168	C2 domain	263	358	3.1E-8	T	01-10-2025	IPR000008	C2 domain	-	-
ETL93525.1	a3f8b8307a963ac173c2b5d691844084	862	Pfam	PF22749	Arb2 domain	3	198	1.2E-19	T	01-10-2025	IPR053858	Arb2 domain	-	-
ETL93525.1	a3f8b8307a963ac173c2b5d691844084	862	Pfam	PF00069	Protein kinase domain	519	786	3.9E-67	T	01-10-2025	IPR000719	Protein kinase domain	-	-
ETM31942.1	b515791e29f44d7b44536daad95733ef	713	Pfam	PF00069	Protein kinase domain	373	632	2.5E-54	T	01-10-2025	IPR000719	Protein kinase domain	-	-
ETM31942.1	b515791e29f44d7b44536daad95733ef	713	Pfam	PF00168	C2 domain	113	167	2800.0	T	01-10-2025	IPR000008	C2 domain	-	-
ETM31942.1	b515791e29f44d7b44536daad95733ef	713	Pfam	PF00168	C2 domain	31	84	370.0	T	01-10-2025	IPR000008	C2 domain	-	-
ETM31942.1	b515791e29f44d7b44536daad95733ef	713	Pfam	PF00610	Domain found in Dishevelled, Egl-10, and Pleckstrin (DEP)	209	286	3.6E-9	T	01-10-2025	IPR000591	DEP domain	-	-
ETM46784.1	ed1be7854e54feb50b34ba118ee60ed2	886	Pfam	PF00168	C2 domain	287	382	3.2E-8	T	01-10-2025	IPR000008	C2 domain	-	-
ETM46784.1	ed1be7854e54feb50b34ba118ee60ed2	886	Pfam	PF00069	Protein kinase domain	543	810	4.1E-67	T	01-10-2025	IPR000719	Protein kinase domain	-	-
ETM46784.1	ed1be7854e54feb50b34ba118ee60ed2	886	Pfam	PF01363	FYVE zinc finger	438	487	0.0026	T	01-10-2025	IPR000306	FYVE zinc finger	-	-
ETM46784.1	ed1be7854e54feb50b34ba118ee60ed2	886	Pfam	PF22749	Arb2 domain	13	222	5.5E-21	T	01-10-2025	IPR053858	Arb2 domain	-	-
ETM46785.1	ed1be7854e54feb50b34ba118ee60ed2	886	Pfam	PF00168	C2 domain	287	382	3.2E-8	T	01-10-2025	IPR000008	C2 domain	-	-
ETM46785.1	ed1be7854e54feb50b34ba118ee60ed2	886	Pfam	PF00069	Protein kinase domain	543	810	4.1E-67	T	01-10-2025	IPR000719	Protein kinase domain	-	-
ETM46785.1	ed1be7854e54feb50b34ba118ee60ed2	886	Pfam	PF01363	FYVE zinc finger	438	487	0.0026	T	01-10-2025	IPR000306	FYVE zinc finger	-	-
ETM46785.1	ed1be7854e54feb50b34ba118ee60ed2	886	Pfam	PF22749	Arb2 domain	13	222	5.5E-21	T	01-10-2025	IPR053858	Arb2 domain	-	-
ETM46786.1	a3f8b8307a963ac173c2b5d691844084	862	Pfam	PF01363	FYVE zinc finger	414	463	0.0025	T	01-10-2025	IPR000306	FYVE zinc finger	-	-
ETM46786.1	a3f8b8307a963ac173c2b5d691844084	862	Pfam	PF00168	C2 domain	263	358	3.1E-8	T	01-10-2025	IPR000008	C2 domain	-	-
ETM46786.1	a3f8b8307a963ac173c2b5d691844084	862	Pfam	PF22749	Arb2 domain	3	198	1.2E-19	T	01-10-2025	IPR053858	Arb2 domain	-	-
ETM46786.1	a3f8b8307a963ac173c2b5d691844084	862	Pfam	PF00069	Protein kinase domain	519	786	3.9E-67	T	01-10-2025	IPR000719	Protein kinase domain	-	-
ETN08918.1	ed1be7854e54feb50b34ba118ee60ed2	886	Pfam	PF22749	Arb2 domain	13	222	5.5E-21	T	01-10-2025	IPR053858	Arb2 domain	-	-
ETN08918.1	ed1be7854e54feb50b34ba118ee60ed2	886	Pfam	PF00069	Protein kinase domain	543	810	4.1E-67	T	01-10-2025	IPR000719	Protein kinase domain	-	-
ETN08918.1	ed1be7854e54feb50b34ba118ee60ed2	886	Pfam	PF01363	FYVE zinc finger	438	487	0.0026	T	01-10-2025	IPR000306	FYVE zinc finger	-	-
ETN08918.1	ed1be7854e54feb50b34ba118ee60ed2	886	Pfam	PF00168	C2 domain	287	382	3.2E-8	T	01-10-2025	IPR000008	C2 domain	-	-
ETN08919.1	ed1be7854e54feb50b34ba118ee60ed2	886	Pfam	PF00168	C2 domain	287	382	3.2E-8	T	01-10-2025	IPR000008	C2 domain	-	-
ETN08919.1	ed1be7854e54feb50b34ba118ee60ed2	886	Pfam	PF00069	Protein kinase domain	543	810	4.1E-67	T	01-10-2025	IPR000719	Protein kinase domain	-	-
ETN08919.1	ed1be7854e54feb50b34ba118ee60ed2	886	Pfam	PF01363	FYVE zinc finger	438	487	0.0026	T	01-10-2025	IPR000306	FYVE zinc finger	-	-
ETN08919.1	ed1be7854e54feb50b34ba118ee60ed2	886	Pfam	PF22749	Arb2 domain	13	222	5.5E-21	T	01-10-2025	IPR053858	Arb2 domain	-	-
ETN08920.1	a3f8b8307a963ac173c2b5d691844084	862	Pfam	PF00069	Protein kinase domain	519	786	3.9E-67	T	01-10-2025	IPR000719	Protein kinase domain	-	-
ETN08920.1	a3f8b8307a963ac173c2b5d691844084	862	Pfam	PF00168	C2 domain	263	358	3.1E-8	T	01-10-2025	IPR000008	C2 domain	-	-
ETN08920.1	a3f8b8307a963ac173c2b5d691844084	862	Pfam	PF22749	Arb2 domain	3	198	1.2E-19	T	01-10-2025	IPR053858	Arb2 domain	-	-
ETN08920.1	a3f8b8307a963ac173c2b5d691844084	862	Pfam	PF01363	FYVE zinc finger	414	463	0.0025	T	01-10-2025	IPR000306	FYVE zinc finger	-	-
ETN15878.1	b515791e29f44d7b44536daad95733ef	713	Pfam	PF00168	C2 domain	113	167	2800.0	T	01-10-2025	IPR000008	C2 domain	-	-
ETN15878.1	b515791e29f44d7b44536daad95733ef	713	Pfam	PF00168	C2 domain	31	84	370.0	T	01-10-2025	IPR000008	C2 domain	-	-
ETN15878.1	b515791e29f44d7b44536daad95733ef	713	Pfam	PF00610	Domain found in Dishevelled, Egl-10, and Pleckstrin (DEP)	209	286	3.6E-9	T	01-10-2025	IPR000591	DEP domain	-	-
ETN15878.1	b515791e29f44d7b44536daad95733ef	713	Pfam	PF00069	Protein kinase domain	373	632	2.5E-54	T	01-10-2025	IPR000719	Protein kinase domain	-	-
ETO60372.1	b515791e29f44d7b44536daad95733ef	713	Pfam	PF00069	Protein kinase domain	373	632	2.5E-54	T	01-10-2025	IPR000719	Protein kinase domain	-	-
ETO60372.1	b515791e29f44d7b44536daad95733ef	713	Pfam	PF00168	C2 domain	113	167	2800.0	T	01-10-2025	IPR000008	C2 domain	-	-
ETO60372.1	b515791e29f44d7b44536daad95733ef	713	Pfam	PF00168	C2 domain	31	84	370.0	T	01-10-2025	IPR000008	C2 domain	-	-
ETO60372.1	b515791e29f44d7b44536daad95733ef	713	Pfam	PF00610	Domain found in Dishevelled, Egl-10, and Pleckstrin (DEP)	209	286	3.6E-9	T	01-10-2025	IPR000591	DEP domain	-	-
ETO75753.1	ed1be7854e54feb50b34ba118ee60ed2	886	Pfam	PF00168	C2 domain	287	382	3.2E-8	T	01-10-2025	IPR000008	C2 domain	-	-
ETO75753.1	ed1be7854e54feb50b34ba118ee60ed2	886	Pfam	PF00069	Protein kinase domain	543	810	4.1E-67	T	01-10-2025	IPR000719	Protein kinase domain	-	-
ETO75753.1	ed1be7854e54feb50b34ba118ee60ed2	886	Pfam	PF01363	FYVE zinc finger	438	487	0.0026	T	01-10-2025	IPR000306	FYVE zinc finger	-	-
ETO75753.1	ed1be7854e54feb50b34ba118ee60ed2	886	Pfam	PF22749	Arb2 domain	13	222	5.5E-21	T	01-10-2025	IPR053858	Arb2 domain	-	-
ETO75754.1	ed1be7854e54feb50b34ba118ee60ed2	886	Pfam	PF22749	Arb2 domain	13	222	5.5E-21	T	01-10-2025	IPR053858	Arb2 domain	-	-
ETO75754.1	ed1be7854e54feb50b34ba118ee60ed2	886	Pfam	PF00069	Protein kinase domain	543	810	4.1E-67	T	01-10-2025	IPR000719	Protein kinase domain	-	-
ETO75754.1	ed1be7854e54feb50b34ba118ee60ed2	886	Pfam	PF01363	FYVE zinc finger	438	487	0.0026	T	01-10-2025	IPR000306	FYVE zinc finger	-	-
ETO75754.1	ed1be7854e54feb50b34ba118ee60ed2	886	Pfam	PF00168	C2 domain	287	382	3.2E-8	T	01-10-2025	IPR000008	C2 domain	-	-
ETO75755.1	a3f8b8307a963ac173c2b5d691844084	862	Pfam	PF00069	Protein kinase domain	519	786	3.9E-67	T	01-10-2025	IPR000719	Protein kinase domain	-	-
ETO75755.1	a3f8b8307a963ac173c2b5d691844084	862	Pfam	PF00168	C2 domain	263	358	3.1E-8	T	01-10-2025	IPR000008	C2 domain	-	-
ETO75755.1	a3f8b8307a963ac173c2b5d691844084	862	Pfam	PF22749	Arb2 domain	3	198	1.2E-19	T	01-10-2025	IPR053858	Arb2 domain	-	-
ETO75755.1	a3f8b8307a963ac173c2b5d691844084	862	Pfam	PF01363	FYVE zinc finger	414	463	0.0025	T	01-10-2025	IPR000306	FYVE zinc finger	-	-
ETP01465.1	b515791e29f44d7b44536daad95733ef	713	Pfam	PF00610	Domain found in Dishevelled, Egl-10, and Pleckstrin (DEP)	209	286	3.6E-9	T	01-10-2025	IPR000591	DEP domain	-	-
ETP01465.1	b515791e29f44d7b44536daad95733ef	713	Pfam	PF00168	C2 domain	113	167	2800.0	T	01-10-2025	IPR000008	C2 domain	-	-
ETP01465.1	b515791e29f44d7b44536daad95733ef	713	Pfam	PF00168	C2 domain	31	84	370.0	T	01-10-2025	IPR000008	C2 domain	-	-
ETP01465.1	b515791e29f44d7b44536daad95733ef	713	Pfam	PF00069	Protein kinase domain	373	632	2.5E-54	T	01-10-2025	IPR000719	Protein kinase domain	-	-
ETP16820.1	ed1be7854e54feb50b34ba118ee60ed2	886	Pfam	PF01363	FYVE zinc finger	438	487	0.0026	T	01-10-2025	IPR000306	FYVE zinc finger	-	-
ETP16820.1	ed1be7854e54feb50b34ba118ee60ed2	886	Pfam	PF22749	Arb2 domain	13	222	5.5E-21	T	01-10-2025	IPR053858	Arb2 domain	-	-
ETP16820.1	ed1be7854e54feb50b34ba118ee60ed2	886	Pfam	PF00168	C2 domain	287	382	3.2E-8	T	01-10-2025	IPR000008	C2 domain	-	-
ETP16820.1	ed1be7854e54feb50b34ba118ee60ed2	886	Pfam	PF00069	Protein kinase domain	543	810	4.1E-67	T	01-10-2025	IPR000719	Protein kinase domain	-	-
ETP16821.1	ed1be7854e54feb50b34ba118ee60ed2	886	Pfam	PF01363	FYVE zinc finger	438	487	0.0026	T	01-10-2025	IPR000306	FYVE zinc finger	-	-
ETP16821.1	ed1be7854e54feb50b34ba118ee60ed2	886	Pfam	PF22749	Arb2 domain	13	222	5.5E-21	T	01-10-2025	IPR053858	Arb2 domain	-	-
ETP16821.1	ed1be7854e54feb50b34ba118ee60ed2	886	Pfam	PF00168	C2 domain	287	382	3.2E-8	T	01-10-2025	IPR000008	C2 domain	-	-
ETP16821.1	ed1be7854e54feb50b34ba118ee60ed2	886	Pfam	PF00069	Protein kinase domain	543	810	4.1E-67	T	01-10-2025	IPR000719	Protein kinase domain	-	-
ETP16822.1	a3f8b8307a963ac173c2b5d691844084	862	Pfam	PF01363	FYVE zinc finger	414	463	0.0025	T	01-10-2025	IPR000306	FYVE zinc finger	-	-
ETP16822.1	a3f8b8307a963ac173c2b5d691844084	862	Pfam	PF00168	C2 domain	263	358	3.1E-8	T	01-10-2025	IPR000008	C2 domain	-	-
ETP16822.1	a3f8b8307a963ac173c2b5d691844084	862	Pfam	PF22749	Arb2 domain	3	198	1.2E-19	T	01-10-2025	IPR053858	Arb2 domain	-	-
ETP16822.1	a3f8b8307a963ac173c2b5d691844084	862	Pfam	PF00069	Protein kinase domain	519	786	3.9E-67	T	01-10-2025	IPR000719	Protein kinase domain	-	-
ETP29656.1	4d994bff4aab0f054889ad621cac1aa5	713	Pfam	PF00610	Domain found in Dishevelled, Egl-10, and Pleckstrin (DEP)	209	286	3.6E-9	T	01-10-2025	IPR000591	DEP domain	-	-
ETP29656.1	4d994bff4aab0f054889ad621cac1aa5	713	Pfam	PF00168	C2 domain	31	84	370.0	T	01-10-2025	IPR000008	C2 domain	-	-
ETP29656.1	4d994bff4aab0f054889ad621cac1aa5	713	Pfam	PF00069	Protein kinase domain	373	632	2.5E-54	T	01-10-2025	IPR000719	Protein kinase domain	-	-
ETP44877.1	ed1be7854e54feb50b34ba118ee60ed2	886	Pfam	PF00168	C2 domain	287	382	3.2E-8	T	01-10-2025	IPR000008	C2 domain	-	-
ETP44877.1	ed1be7854e54feb50b34ba118ee60ed2	886	Pfam	PF00069	Protein kinase domain	543	810	4.1E-67	T	01-10-2025	IPR000719	Protein kinase domain	-	-
ETP44877.1	ed1be7854e54feb50b34ba118ee60ed2	886	Pfam	PF01363	FYVE zinc finger	438	487	0.0026	T	01-10-2025	IPR000306	FYVE zinc finger	-	-
ETP44877.1	ed1be7854e54feb50b34ba118ee60ed2	886	Pfam	PF22749	Arb2 domain	13	222	5.5E-21	T	01-10-2025	IPR053858	Arb2 domain	-	-
ETP44878.1	ed1be7854e54feb50b34ba118ee60ed2	886	Pfam	PF00168	C2 domain	287	382	3.2E-8	T	01-10-2025	IPR000008	C2 domain	-	-
ETP44878.1	ed1be7854e54feb50b34ba118ee60ed2	886	Pfam	PF00069	Protein kinase domain	543	810	4.1E-67	T	01-10-2025	IPR000719	Protein kinase domain	-	-
ETP44878.1	ed1be7854e54feb50b34ba118ee60ed2	886	Pfam	PF01363	FYVE zinc finger	438	487	0.0026	T	01-10-2025	IPR000306	FYVE zinc finger	-	-
ETP44878.1	ed1be7854e54feb50b34ba118ee60ed2	886	Pfam	PF22749	Arb2 domain	13	222	5.5E-21	T	01-10-2025	IPR053858	Arb2 domain	-	-
ETP44879.1	a3f8b8307a963ac173c2b5d691844084	862	Pfam	PF00069	Protein kinase domain	519	786	3.9E-67	T	01-10-2025	IPR000719	Protein kinase domain	-	-
ETP44879.1	a3f8b8307a963ac173c2b5d691844084	862	Pfam	PF00168	C2 domain	263	358	3.1E-8	T	01-10-2025	IPR000008	C2 domain	-	-
ETP44879.1	a3f8b8307a963ac173c2b5d691844084	862	Pfam	PF22749	Arb2 domain	3	198	1.2E-19	T	01-10-2025	IPR053858	Arb2 domain	-	-
ETP44879.1	a3f8b8307a963ac173c2b5d691844084	862	Pfam	PF01363	FYVE zinc finger	414	463	0.0025	T	01-10-2025	IPR000306	FYVE zinc finger	-	-
ETV75112.1	0c74b05c86b296d6636dc6f31896bfb2	898	Pfam	PF00069	Protein kinase domain	560	812	4.4E-64	T	01-10-2025	IPR000719	Protein kinase domain	-	-
ETV75112.1	0c74b05c86b296d6636dc6f31896bfb2	898	Pfam	PF00168	C2 domain	294	390	1.2E-6	T	01-10-2025	IPR000008	C2 domain	-	-
ETV75112.1	0c74b05c86b296d6636dc6f31896bfb2	898	Pfam	PF22749	Arb2 domain	16	199	2.3E-7	T	01-10-2025	IPR053858	Arb2 domain	-	-
ETV92262.1	6214d214fc2128b2d7497ea664aad144	905	Pfam	PF00069	Protein kinase domain	569	821	9.1E-64	T	01-10-2025	IPR000719	Protein kinase domain	-	-
ETV92262.1	6214d214fc2128b2d7497ea664aad144	905	Pfam	PF00168	C2 domain	300	395	4.2E-7	T	01-10-2025	IPR000008	C2 domain	-	-
ETV92262.1	6214d214fc2128b2d7497ea664aad144	905	Pfam	PF22749	Arb2 domain	8	233	1.2E-7	T	01-10-2025	IPR053858	Arb2 domain	-	-
ETV92263.1	bc1553148c2a8617fd32e9ae10579fc9	875	Pfam	PF00069	Protein kinase domain	569	633	1.5E-4	T	01-10-2025	IPR000719	Protein kinase domain	-	-
ETV92263.1	bc1553148c2a8617fd32e9ae10579fc9	875	Pfam	PF00069	Protein kinase domain	634	791	5.8E-38	T	01-10-2025	IPR000719	Protein kinase domain	-	-
ETV92263.1	bc1553148c2a8617fd32e9ae10579fc9	875	Pfam	PF00168	C2 domain	300	395	4.0E-7	T	01-10-2025	IPR000008	C2 domain	-	-
ETV92263.1	bc1553148c2a8617fd32e9ae10579fc9	875	Pfam	PF22749	Arb2 domain	8	233	1.1E-7	T	01-10-2025	IPR053858	Arb2 domain	-	-
GLD95891.1	920b3f8275134d29d903e0c7585e9077	712	Pfam	PF00168	C2 domain	35	88	220.0	T	01-10-2025	IPR000008	C2 domain	-	-
GLD95891.1	920b3f8275134d29d903e0c7585e9077	712	Pfam	PF00069	Protein kinase domain	375	631	3.0E-56	T	01-10-2025	IPR000719	Protein kinase domain	-	-
GLD95891.1	920b3f8275134d29d903e0c7585e9077	712	Pfam	PF00610	Domain found in Dishevelled, Egl-10, and Pleckstrin (DEP)	212	290	5.9E-9	T	01-10-2025	IPR000591	DEP domain	-	-
GLE05498.1	ca98eef60c5f931d3216d2e47ff91cc5	871	Pfam	PF22749	Arb2 domain	4	198	3.8E-20	T	01-10-2025	IPR053858	Arb2 domain	-	-
GLE05498.1	ca98eef60c5f931d3216d2e47ff91cc5	871	Pfam	PF00069	Protein kinase domain	536	803	8.7E-67	T	01-10-2025	IPR000719	Protein kinase domain	-	-
GLE05498.1	ca98eef60c5f931d3216d2e47ff91cc5	871	Pfam	PF00168	C2 domain	263	358	8.3E-8	T	01-10-2025	IPR000008	C2 domain	-	-
GLE05498.1	ca98eef60c5f931d3216d2e47ff91cc5	871	Pfam	PF01363	FYVE zinc finger	425	475	0.0027	T	01-10-2025	IPR000306	FYVE zinc finger	-	-
GMF16228.1	2cd6d5836150148d3c219b256c7bd516	806	Pfam	PF01363	FYVE zinc finger	360	409	0.0031	T	01-10-2025	IPR000306	FYVE zinc finger	-	-
GMF16228.1	2cd6d5836150148d3c219b256c7bd516	806	Pfam	PF22749	Arb2 domain	3	143	2.5E-11	T	01-10-2025	IPR053858	Arb2 domain	-	-
GMF16228.1	2cd6d5836150148d3c219b256c7bd516	806	Pfam	PF00069	Protein kinase domain	464	731	8.3E-68	T	01-10-2025	IPR000719	Protein kinase domain	-	-
GMF16228.1	2cd6d5836150148d3c219b256c7bd516	806	Pfam	PF00168	C2 domain	208	303	8.7E-9	T	01-10-2025	IPR000008	C2 domain	-	-
GMF16451.1	95997219a97ed8300fadd465a0dd0ac2	799	Pfam	PF00069	Protein kinase domain	461	728	5.7E-67	T	01-10-2025	IPR000719	Protein kinase domain	-	-
GMF16451.1	95997219a97ed8300fadd465a0dd0ac2	799	Pfam	PF22749	Arb2 domain	3	143	9.6E-12	T	01-10-2025	IPR053858	Arb2 domain	-	-
GMF16451.1	95997219a97ed8300fadd465a0dd0ac2	799	Pfam	PF00168	C2 domain	208	303	6.5E-9	T	01-10-2025	IPR000008	C2 domain	-	-
GMF16451.1	95997219a97ed8300fadd465a0dd0ac2	799	Pfam	PF01363	FYVE zinc finger	357	406	3.1E-4	T	01-10-2025	IPR000306	FYVE zinc finger	-	-
KAE8887661.1	dc081360286f4931762e2dfada56870b	882	Pfam	PF22749	Arb2 domain	12	221	1.7E-21	T	01-10-2025	IPR053858	Arb2 domain	-	-
KAE8887661.1	dc081360286f4931762e2dfada56870b	882	Pfam	PF00069	Protein kinase domain	540	807	6.9E-67	T	01-10-2025	IPR000719	Protein kinase domain	-	-
KAE8887661.1	dc081360286f4931762e2dfada56870b	882	Pfam	PF00168	C2 domain	286	381	9.8E-9	T	01-10-2025	IPR000008	C2 domain	-	-
KAE8887661.1	dc081360286f4931762e2dfada56870b	882	Pfam	PF01363	FYVE zinc finger	436	485	0.002	T	01-10-2025	IPR000306	FYVE zinc finger	-	-
KAE8906645.1	24adcaabf0f86308d2df641cf14b402f	720	Pfam	PF00610	Domain found in Dishevelled, Egl-10, and Pleckstrin (DEP)	213	291	6.6E-10	T	01-10-2025	IPR000591	DEP domain	-	-
KAE8906645.1	24adcaabf0f86308d2df641cf14b402f	720	Pfam	PF00069	Protein kinase domain	380	649	7.0E-55	T	01-10-2025	IPR000719	Protein kinase domain	-	-
KAE8906645.1	24adcaabf0f86308d2df641cf14b402f	720	Pfam	PF00168	C2 domain	36	89	420.0	T	01-10-2025	IPR000008	C2 domain	-	-
KAE8906645.1	24adcaabf0f86308d2df641cf14b402f	720	Pfam	PF00168	C2 domain	118	172	2800.0	T	01-10-2025	IPR000008	C2 domain	-	-
KAE8989504.1	af3a10a19332831e7af6ec849e668e4c	789	Pfam	PF00069	Protein kinase domain	378	647	4.5E-55	T	01-10-2025	IPR000719	Protein kinase domain	-	-
KAE8989504.1	af3a10a19332831e7af6ec849e668e4c	789	Pfam	PF00168	C2 domain	116	170	3100.0	T	01-10-2025	IPR000008	C2 domain	-	-
KAE8989504.1	af3a10a19332831e7af6ec849e668e4c	789	Pfam	PF00168	C2 domain	34	87	510.0	T	01-10-2025	IPR000008	C2 domain	-	-
KAE8989504.1	af3a10a19332831e7af6ec849e668e4c	789	Pfam	PF00610	Domain found in Dishevelled, Egl-10, and Pleckstrin (DEP)	211	289	7.5E-10	T	01-10-2025	IPR000591	DEP domain	-	-
KAE8997119.1	b0ef902f64f27e4196630ae04ae2af43	917	Pfam	PF00155	Aminotransferase class I and II	822	894	2.5E-5	T	01-10-2025	IPR004839	Aminotransferase, class I/classII, large domain	-	-
KAE8997119.1	b0ef902f64f27e4196630ae04ae2af43	917	Pfam	PF00610	Domain found in Dishevelled, Egl-10, and Pleckstrin (DEP)	211	289	9.1E-10	T	01-10-2025	IPR000591	DEP domain	-	-
KAE8997119.1	b0ef902f64f27e4196630ae04ae2af43	917	Pfam	PF00168	C2 domain	34	87	610.0	T	01-10-2025	IPR000008	C2 domain	-	-
KAE8997119.1	b0ef902f64f27e4196630ae04ae2af43	917	Pfam	PF00069	Protein kinase domain	378	647	6.0E-55	T	01-10-2025	IPR000719	Protein kinase domain	-	-
KAE9047933.1	c58f723cad108c239282340c446210f8	882	Pfam	PF00168	C2 domain	286	381	9.8E-9	T	01-10-2025	IPR000008	C2 domain	-	-
KAE9047933.1	c58f723cad108c239282340c446210f8	882	Pfam	PF01363	FYVE zinc finger	436	485	0.002	T	01-10-2025	IPR000306	FYVE zinc finger	-	-
KAE9047933.1	c58f723cad108c239282340c446210f8	882	Pfam	PF00069	Protein kinase domain	540	807	6.9E-67	T	01-10-2025	IPR000719	Protein kinase domain	-	-
KAE9047933.1	c58f723cad108c239282340c446210f8	882	Pfam	PF22749	Arb2 domain	12	221	4.9E-21	T	01-10-2025	IPR053858	Arb2 domain	-	-
KAE9052290.1	c58f723cad108c239282340c446210f8	882	Pfam	PF00168	C2 domain	286	381	9.8E-9	T	01-10-2025	IPR000008	C2 domain	-	-
KAE9052290.1	c58f723cad108c239282340c446210f8	882	Pfam	PF01363	FYVE zinc finger	436	485	0.002	T	01-10-2025	IPR000306	FYVE zinc finger	-	-
KAE9052290.1	c58f723cad108c239282340c446210f8	882	Pfam	PF00069	Protein kinase domain	540	807	6.9E-67	T	01-10-2025	IPR000719	Protein kinase domain	-	-
KAE9052290.1	c58f723cad108c239282340c446210f8	882	Pfam	PF22749	Arb2 domain	12	221	4.9E-21	T	01-10-2025	IPR053858	Arb2 domain	-	-
KAE9119711.1	24adcaabf0f86308d2df641cf14b402f	720	Pfam	PF00610	Domain found in Dishevelled, Egl-10, and Pleckstrin (DEP)	213	291	6.6E-10	T	01-10-2025	IPR000591	DEP domain	-	-
KAE9119711.1	24adcaabf0f86308d2df641cf14b402f	720	Pfam	PF00069	Protein kinase domain	380	649	7.0E-55	T	01-10-2025	IPR000719	Protein kinase domain	-	-
KAE9119711.1	24adcaabf0f86308d2df641cf14b402f	720	Pfam	PF00168	C2 domain	36	89	420.0	T	01-10-2025	IPR000008	C2 domain	-	-
KAE9119711.1	24adcaabf0f86308d2df641cf14b402f	720	Pfam	PF00168	C2 domain	118	172	2800.0	T	01-10-2025	IPR000008	C2 domain	-	-
KAE9119902.1	dc081360286f4931762e2dfada56870b	882	Pfam	PF01363	FYVE zinc finger	436	485	0.002	T	01-10-2025	IPR000306	FYVE zinc finger	-	-
KAE9119902.1	dc081360286f4931762e2dfada56870b	882	Pfam	PF22749	Arb2 domain	12	221	1.7E-21	T	01-10-2025	IPR053858	Arb2 domain	-	-
KAE9119902.1	dc081360286f4931762e2dfada56870b	882	Pfam	PF00069	Protein kinase domain	540	807	6.9E-67	T	01-10-2025	IPR000719	Protein kinase domain	-	-
KAE9119902.1	dc081360286f4931762e2dfada56870b	882	Pfam	PF00168	C2 domain	286	381	9.8E-9	T	01-10-2025	IPR000008	C2 domain	-	-
KAE9120489.1	24adcaabf0f86308d2df641cf14b402f	720	Pfam	PF00610	Domain found in Dishevelled, Egl-10, and Pleckstrin (DEP)	213	291	6.6E-10	T	01-10-2025	IPR000591	DEP domain	-	-
KAE9120489.1	24adcaabf0f86308d2df641cf14b402f	720	Pfam	PF00069	Protein kinase domain	380	649	7.0E-55	T	01-10-2025	IPR000719	Protein kinase domain	-	-
KAE9120489.1	24adcaabf0f86308d2df641cf14b402f	720	Pfam	PF00168	C2 domain	36	89	420.0	T	01-10-2025	IPR000008	C2 domain	-	-
KAE9120489.1	24adcaabf0f86308d2df641cf14b402f	720	Pfam	PF00168	C2 domain	118	172	2800.0	T	01-10-2025	IPR000008	C2 domain	-	-
KAE9147962.1	24adcaabf0f86308d2df641cf14b402f	720	Pfam	PF00069	Protein kinase domain	380	649	7.0E-55	T	01-10-2025	IPR000719	Protein kinase domain	-	-
KAE9147962.1	24adcaabf0f86308d2df641cf14b402f	720	Pfam	PF00610	Domain found in Dishevelled, Egl-10, and Pleckstrin (DEP)	213	291	6.6E-10	T	01-10-2025	IPR000591	DEP domain	-	-
KAE9147962.1	24adcaabf0f86308d2df641cf14b402f	720	Pfam	PF00168	C2 domain	36	89	420.0	T	01-10-2025	IPR000008	C2 domain	-	-
KAE9147962.1	24adcaabf0f86308d2df641cf14b402f	720	Pfam	PF00168	C2 domain	118	172	2800.0	T	01-10-2025	IPR000008	C2 domain	-	-
KAE9147976.1	dc081360286f4931762e2dfada56870b	882	Pfam	PF00168	C2 domain	286	381	9.8E-9	T	01-10-2025	IPR000008	C2 domain	-	-
KAE9147976.1	dc081360286f4931762e2dfada56870b	882	Pfam	PF01363	FYVE zinc finger	436	485	0.002	T	01-10-2025	IPR000306	FYVE zinc finger	-	-
KAE9147976.1	dc081360286f4931762e2dfada56870b	882	Pfam	PF00069	Protein kinase domain	540	807	6.9E-67	T	01-10-2025	IPR000719	Protein kinase domain	-	-
KAE9147976.1	dc081360286f4931762e2dfada56870b	882	Pfam	PF22749	Arb2 domain	12	221	1.7E-21	T	01-10-2025	IPR053858	Arb2 domain	-	-
KAE9218912.1	c69466faef916e48685a7919f5d36e7b	612	Pfam	PF00610	Domain found in Dishevelled, Egl-10, and Pleckstrin (DEP)	213	291	5.2E-10	T	01-10-2025	IPR000591	DEP domain	-	-
KAE9218912.1	c69466faef916e48685a7919f5d36e7b	612	Pfam	PF00069	Protein kinase domain	392	541	2.8E-27	T	01-10-2025	IPR000719	Protein kinase domain	-	-
KAE9218912.1	c69466faef916e48685a7919f5d36e7b	612	Pfam	PF00168	C2 domain	118	172	2300.0	T	01-10-2025	IPR000008	C2 domain	-	-
KAE9218912.1	c69466faef916e48685a7919f5d36e7b	612	Pfam	PF00168	C2 domain	36	89	340.0	T	01-10-2025	IPR000008	C2 domain	-	-
KAE9241213.1	5f7d7143d864d31913e7237fd0bba8de	507	Pfam	PF00168	C2 domain	36	89	260.0	T	01-10-2025	IPR000008	C2 domain	-	-
KAE9241213.1	5f7d7143d864d31913e7237fd0bba8de	507	Pfam	PF00168	C2 domain	118	172	1800.0	T	01-10-2025	IPR000008	C2 domain	-	-
KAE9241213.1	5f7d7143d864d31913e7237fd0bba8de	507	Pfam	PF00610	Domain found in Dishevelled, Egl-10, and Pleckstrin (DEP)	213	291	4.0E-10	T	01-10-2025	IPR000591	DEP domain	-	-
KAE9241218.1	24adcaabf0f86308d2df641cf14b402f	720	Pfam	PF00610	Domain found in Dishevelled, Egl-10, and Pleckstrin (DEP)	213	291	6.6E-10	T	01-10-2025	IPR000591	DEP domain	-	-
KAE9241218.1	24adcaabf0f86308d2df641cf14b402f	720	Pfam	PF00069	Protein kinase domain	380	649	7.0E-55	T	01-10-2025	IPR000719	Protein kinase domain	-	-
KAE9241218.1	24adcaabf0f86308d2df641cf14b402f	720	Pfam	PF00168	C2 domain	36	89	420.0	T	01-10-2025	IPR000008	C2 domain	-	-
KAE9241218.1	24adcaabf0f86308d2df641cf14b402f	720	Pfam	PF00168	C2 domain	118	172	2800.0	T	01-10-2025	IPR000008	C2 domain	-	-
KAE9303230.1	9ce713771e852c3f19f10489affd8e2e	798	Pfam	PF00069	Protein kinase domain	378	647	4.6E-55	T	01-10-2025	IPR000719	Protein kinase domain	-	-
KAE9303230.1	9ce713771e852c3f19f10489affd8e2e	798	Pfam	PF00168	C2 domain	34	87	520.0	T	01-10-2025	IPR000008	C2 domain	-	-
KAE9303230.1	9ce713771e852c3f19f10489affd8e2e	798	Pfam	PF00168	C2 domain	116	170	3200.0	T	01-10-2025	IPR000008	C2 domain	-	-
KAE9303230.1	9ce713771e852c3f19f10489affd8e2e	798	Pfam	PF00610	Domain found in Dishevelled, Egl-10, and Pleckstrin (DEP)	211	289	7.6E-10	T	01-10-2025	IPR000591	DEP domain	-	-
KAE9316548.1	24adcaabf0f86308d2df641cf14b402f	720	Pfam	PF00610	Domain found in Dishevelled, Egl-10, and Pleckstrin (DEP)	213	291	6.6E-10	T	01-10-2025	IPR000591	DEP domain	-	-
KAE9316548.1	24adcaabf0f86308d2df641cf14b402f	720	Pfam	PF00069	Protein kinase domain	380	649	7.0E-55	T	01-10-2025	IPR000719	Protein kinase domain	-	-
KAE9316548.1	24adcaabf0f86308d2df641cf14b402f	720	Pfam	PF00168	C2 domain	36	89	420.0	T	01-10-2025	IPR000008	C2 domain	-	-
KAE9316548.1	24adcaabf0f86308d2df641cf14b402f	720	Pfam	PF00168	C2 domain	118	172	2800.0	T	01-10-2025	IPR000008	C2 domain	-	-
KAE9316601.1	8bdedb815ea572a262d5613c520b37c2	670	Pfam	PF01363	FYVE zinc finger	436	485	0.0017	T	01-10-2025	IPR000306	FYVE zinc finger	-	-
KAE9316601.1	8bdedb815ea572a262d5613c520b37c2	670	Pfam	PF22749	Arb2 domain	12	221	1.0E-21	T	01-10-2025	IPR053858	Arb2 domain	-	-
KAE9316601.1	8bdedb815ea572a262d5613c520b37c2	670	Pfam	PF00168	C2 domain	286	381	6.6E-9	T	01-10-2025	IPR000008	C2 domain	-	-
KAE9359219.1	c58f723cad108c239282340c446210f8	882	Pfam	PF22749	Arb2 domain	12	221	4.9E-21	T	01-10-2025	IPR053858	Arb2 domain	-	-
KAE9359219.1	c58f723cad108c239282340c446210f8	882	Pfam	PF01363	FYVE zinc finger	436	485	0.002	T	01-10-2025	IPR000306	FYVE zinc finger	-	-
KAE9359219.1	c58f723cad108c239282340c446210f8	882	Pfam	PF00069	Protein kinase domain	540	807	6.9E-67	T	01-10-2025	IPR000719	Protein kinase domain	-	-
KAE9359219.1	c58f723cad108c239282340c446210f8	882	Pfam	PF00168	C2 domain	286	381	9.8E-9	T	01-10-2025	IPR000008	C2 domain	-	-
KAF0730461.1	0141317992ed3923d6a34b6088da1533	898	Pfam	PF00168	C2 domain	290	385	1.7E-8	T	01-10-2025	IPR000008	C2 domain	-	-
KAF0730461.1	0141317992ed3923d6a34b6088da1533	898	Pfam	PF22749	Arb2 domain	19	230	7.3E-10	T	01-10-2025	IPR053858	Arb2 domain	-	-
KAF0730461.1	0141317992ed3923d6a34b6088da1533	898	Pfam	PF00069	Protein kinase domain	564	816	3.5E-65	T	01-10-2025	IPR000719	Protein kinase domain	-	-
KAF1315517.1	38e111e5b652a343e6e9220701bea15f	994	Pfam	PF00610	Domain found in Dishevelled, Egl-10, and Pleckstrin (DEP)	213	291	2.2E-8	T	01-10-2025	IPR000591	DEP domain	-	-
KAF1315517.1	38e111e5b652a343e6e9220701bea15f	994	Pfam	PF08507	COPI associated protein	810	926	1.3E-7	T	01-10-2025	IPR013714	Golgi apparatus membrane protein TVP15	-	-
KAF1315517.1	38e111e5b652a343e6e9220701bea15f	994	Pfam	PF00069	Protein kinase domain	364	630	3.2E-55	T	01-10-2025	IPR000719	Protein kinase domain	-	-
KAF1334030.1	e64bafbc830d756ff511f737c0ac34ec	897	Pfam	PF00168	C2 domain	286	381	3.9E-7	T	01-10-2025	IPR000008	C2 domain	-	-
KAF1334030.1	e64bafbc830d756ff511f737c0ac34ec	897	Pfam	PF22749	Arb2 domain	17	220	4.8E-21	T	01-10-2025	IPR053858	Arb2 domain	-	-
KAF1334030.1	e64bafbc830d756ff511f737c0ac34ec	897	Pfam	PF00069	Protein kinase domain	562	828	5.5E-67	T	01-10-2025	IPR000719	Protein kinase domain	-	-
KAF1334030.1	e64bafbc830d756ff511f737c0ac34ec	897	Pfam	PF01363	FYVE zinc finger	443	491	3.4E-4	T	01-10-2025	IPR000306	FYVE zinc finger	-	-
KAF1789498.1	df567690d77dddaf2290e74e2abeb0bf	768	Pfam	PF00069	Protein kinase domain	425	692	9.2E-67	T	01-10-2025	IPR000719	Protein kinase domain	-	-
KAF1789498.1	df567690d77dddaf2290e74e2abeb0bf	768	Pfam	PF22749	Arb2 domain	126	219	1.1E-7	T	01-10-2025	IPR053858	Arb2 domain	-	-
KAF1789498.1	df567690d77dddaf2290e74e2abeb0bf	768	Pfam	PF00168	C2 domain	284	372	1.9E-7	T	01-10-2025	IPR000008	C2 domain	-	-
KAF1791553.1	c4158bd6ec483932e25400fb512dbaae	912	Pfam	PF00168	C2 domain	11	64	190.0	T	01-10-2025	IPR000008	C2 domain	-	-
KAF1791553.1	c4158bd6ec483932e25400fb512dbaae	912	Pfam	PF00069	Protein kinase domain	353	473	1.5E-15	T	01-10-2025	IPR000719	Protein kinase domain	-	-
KAF1791553.1	c4158bd6ec483932e25400fb512dbaae	912	Pfam	PF08507	COPI associated protein	728	840	3.5E-8	T	01-10-2025	IPR013714	Golgi apparatus membrane protein TVP15	-	-
KAF1791553.1	c4158bd6ec483932e25400fb512dbaae	912	Pfam	PF00610	Domain found in Dishevelled, Egl-10, and Pleckstrin (DEP)	189	266	4.1E-9	T	01-10-2025	IPR000591	DEP domain	-	-
KAF1791553.1	c4158bd6ec483932e25400fb512dbaae	912	Pfam	PF07714	Protein tyrosine and serine/threonine kinase	480	567	0.1	T	01-10-2025	IPR001245	Serine-threonine/tyrosine-protein kinase, catalytic domain	-	-
KAF4320340.1	8fdac4715669edb4a01139126728d88a	842	Pfam	PF00069	Protein kinase domain	260	529	3.3E-55	T	01-10-2025	IPR000719	Protein kinase domain	-	-
KAF4320340.1	8fdac4715669edb4a01139126728d88a	842	Pfam	PF08507	COPI associated protein	658	768	9.7E-8	T	01-10-2025	IPR013714	Golgi apparatus membrane protein TVP15	-	-
KAG1692370.1	aae46e0e4ae45fa198e6b7333765584e	885	Pfam	PF00168	C2 domain	286	381	2.5E-8	T	01-10-2025	IPR000008	C2 domain	-	-
KAG1692370.1	aae46e0e4ae45fa198e6b7333765584e	885	Pfam	PF00069	Protein kinase domain	543	810	6.0E-67	T	01-10-2025	IPR000719	Protein kinase domain	-	-
KAG1692370.1	aae46e0e4ae45fa198e6b7333765584e	885	Pfam	PF01363	FYVE zinc finger	438	487	0.003	T	01-10-2025	IPR000306	FYVE zinc finger	-	-
KAG1692370.1	aae46e0e4ae45fa198e6b7333765584e	885	Pfam	PF22749	Arb2 domain	12	221	8.9E-22	T	01-10-2025	IPR053858	Arb2 domain	-	-
KAG1703485.1	85f48b415db049e064d6222e5f7ae21f	713	Pfam	PF00168	C2 domain	113	167	3000.0	T	01-10-2025	IPR000008	C2 domain	-	-
KAG1703485.1	85f48b415db049e064d6222e5f7ae21f	713	Pfam	PF00168	C2 domain	31	84	190.0	T	01-10-2025	IPR000008	C2 domain	-	-
KAG1703485.1	85f48b415db049e064d6222e5f7ae21f	713	Pfam	PF00069	Protein kinase domain	373	632	1.2E-55	T	01-10-2025	IPR000719	Protein kinase domain	-	-
KAG1703485.1	85f48b415db049e064d6222e5f7ae21f	713	Pfam	PF00610	Domain found in Dishevelled, Egl-10, and Pleckstrin (DEP)	210	286	4.4E-9	T	01-10-2025	IPR000591	DEP domain	-	-
KAG2516512.1	87ea982735d13f3a0aced4d38c4763e1	839	Pfam	PF00069	Protein kinase domain	257	526	3.3E-55	T	01-10-2025	IPR000719	Protein kinase domain	-	-
KAG2516512.1	87ea982735d13f3a0aced4d38c4763e1	839	Pfam	PF08507	COPI associated protein	655	765	9.7E-8	T	01-10-2025	IPR013714	Golgi apparatus membrane protein TVP15	-	-
KAG2524905.1	8fdac4715669edb4a01139126728d88a	842	Pfam	PF00069	Protein kinase domain	260	529	3.3E-55	T	01-10-2025	IPR000719	Protein kinase domain	-	-
KAG2524905.1	8fdac4715669edb4a01139126728d88a	842	Pfam	PF08507	COPI associated protein	658	768	9.7E-8	T	01-10-2025	IPR013714	Golgi apparatus membrane protein TVP15	-	-
KAG2776761.1	27298d353bcc874a958d58f8fa0c6e55	575	Pfam	PF22749	Arb2 domain	13	222	4.1E-21	T	01-10-2025	IPR053858	Arb2 domain	-	-
KAG2776761.1	27298d353bcc874a958d58f8fa0c6e55	575	Pfam	PF00168	C2 domain	287	382	1.0E-8	T	01-10-2025	IPR000008	C2 domain	-	-
KAG2787355.1	36ad6e29a5d0414e91ce126fe8e3ab0c	713	Pfam	PF00610	Domain found in Dishevelled, Egl-10, and Pleckstrin (DEP)	209	286	3.0E-9	T	01-10-2025	IPR000591	DEP domain	-	-
KAG2787355.1	36ad6e29a5d0414e91ce126fe8e3ab0c	713	Pfam	PF00168	C2 domain	31	84	130.0	T	01-10-2025	IPR000008	C2 domain	-	-
KAG2787355.1	36ad6e29a5d0414e91ce126fe8e3ab0c	713	Pfam	PF00168	C2 domain	113	167	2800.0	T	01-10-2025	IPR000008	C2 domain	-	-
KAG2787355.1	36ad6e29a5d0414e91ce126fe8e3ab0c	713	Pfam	PF00069	Protein kinase domain	373	632	1.2E-54	T	01-10-2025	IPR000719	Protein kinase domain	-	-
KAG2816559.1	42fda79e622d858769ee2716bdd25ba0	886	Pfam	PF00069	Protein kinase domain	543	810	1.2E-66	T	01-10-2025	IPR000719	Protein kinase domain	-	-
KAG2816559.1	42fda79e622d858769ee2716bdd25ba0	886	Pfam	PF22749	Arb2 domain	13	222	9.4E-21	T	01-10-2025	IPR053858	Arb2 domain	-	-
KAG2816559.1	42fda79e622d858769ee2716bdd25ba0	886	Pfam	PF01363	FYVE zinc finger	438	487	3.5E-4	T	01-10-2025	IPR000306	FYVE zinc finger	-	-
KAG2816559.1	42fda79e622d858769ee2716bdd25ba0	886	Pfam	PF00168	C2 domain	287	382	1.9E-8	T	01-10-2025	IPR000008	C2 domain	-	-
KAG2819240.1	42fda79e622d858769ee2716bdd25ba0	886	Pfam	PF01363	FYVE zinc finger	438	487	3.5E-4	T	01-10-2025	IPR000306	FYVE zinc finger	-	-
KAG2819240.1	42fda79e622d858769ee2716bdd25ba0	886	Pfam	PF22749	Arb2 domain	13	222	9.4E-21	T	01-10-2025	IPR053858	Arb2 domain	-	-
KAG2819240.1	42fda79e622d858769ee2716bdd25ba0	886	Pfam	PF00069	Protein kinase domain	543	810	1.2E-66	T	01-10-2025	IPR000719	Protein kinase domain	-	-
KAG2819240.1	42fda79e622d858769ee2716bdd25ba0	886	Pfam	PF00168	C2 domain	287	382	1.9E-8	T	01-10-2025	IPR000008	C2 domain	-	-
KAG2828238.1	36ad6e29a5d0414e91ce126fe8e3ab0c	713	Pfam	PF00610	Domain found in Dishevelled, Egl-10, and Pleckstrin (DEP)	209	286	3.0E-9	T	01-10-2025	IPR000591	DEP domain	-	-
KAG2828238.1	36ad6e29a5d0414e91ce126fe8e3ab0c	713	Pfam	PF00168	C2 domain	31	84	130.0	T	01-10-2025	IPR000008	C2 domain	-	-
KAG2828238.1	36ad6e29a5d0414e91ce126fe8e3ab0c	713	Pfam	PF00168	C2 domain	113	167	2800.0	T	01-10-2025	IPR000008	C2 domain	-	-
KAG2828238.1	36ad6e29a5d0414e91ce126fe8e3ab0c	713	Pfam	PF00069	Protein kinase domain	373	632	1.2E-54	T	01-10-2025	IPR000719	Protein kinase domain	-	-
KAG2829057.1	36ad6e29a5d0414e91ce126fe8e3ab0c	713	Pfam	PF00610	Domain found in Dishevelled, Egl-10, and Pleckstrin (DEP)	209	286	3.0E-9	T	01-10-2025	IPR000591	DEP domain	-	-
KAG2829057.1	36ad6e29a5d0414e91ce126fe8e3ab0c	713	Pfam	PF00168	C2 domain	31	84	130.0	T	01-10-2025	IPR000008	C2 domain	-	-
KAG2829057.1	36ad6e29a5d0414e91ce126fe8e3ab0c	713	Pfam	PF00168	C2 domain	113	167	2800.0	T	01-10-2025	IPR000008	C2 domain	-	-
KAG2829057.1	36ad6e29a5d0414e91ce126fe8e3ab0c	713	Pfam	PF00069	Protein kinase domain	373	632	1.2E-54	T	01-10-2025	IPR000719	Protein kinase domain	-	-
KAG2945122.1	e6763e9fbf380a2bbe152b946a841ce1	586	Pfam	PF00168	C2 domain	113	167	2100.0	T	01-10-2025	IPR000008	C2 domain	-	-
KAG2945122.1	e6763e9fbf380a2bbe152b946a841ce1	586	Pfam	PF00168	C2 domain	31	84	100.0	T	01-10-2025	IPR000008	C2 domain	-	-
KAG2945122.1	e6763e9fbf380a2bbe152b946a841ce1	586	Pfam	PF00069	Protein kinase domain	432	505	1.1E-7	T	01-10-2025	IPR000719	Protein kinase domain	-	-
KAG2945122.1	e6763e9fbf380a2bbe152b946a841ce1	586	Pfam	PF00610	Domain found in Dishevelled, Egl-10, and Pleckstrin (DEP)	209	286	2.2E-9	T	01-10-2025	IPR000591	DEP domain	-	-
KAG2986744.1	36ad6e29a5d0414e91ce126fe8e3ab0c	713	Pfam	PF00610	Domain found in Dishevelled, Egl-10, and Pleckstrin (DEP)	209	286	3.0E-9	T	01-10-2025	IPR000591	DEP domain	-	-
KAG2986744.1	36ad6e29a5d0414e91ce126fe8e3ab0c	713	Pfam	PF00168	C2 domain	31	84	130.0	T	01-10-2025	IPR000008	C2 domain	-	-
KAG2986744.1	36ad6e29a5d0414e91ce126fe8e3ab0c	713	Pfam	PF00168	C2 domain	113	167	2800.0	T	01-10-2025	IPR000008	C2 domain	-	-
KAG2986744.1	36ad6e29a5d0414e91ce126fe8e3ab0c	713	Pfam	PF00069	Protein kinase domain	373	632	1.2E-54	T	01-10-2025	IPR000719	Protein kinase domain	-	-
KAG3023905.1	36ad6e29a5d0414e91ce126fe8e3ab0c	713	Pfam	PF00610	Domain found in Dishevelled, Egl-10, and Pleckstrin (DEP)	209	286	3.0E-9	T	01-10-2025	IPR000591	DEP domain	-	-
KAG3023905.1	36ad6e29a5d0414e91ce126fe8e3ab0c	713	Pfam	PF00168	C2 domain	31	84	130.0	T	01-10-2025	IPR000008	C2 domain	-	-
KAG3023905.1	36ad6e29a5d0414e91ce126fe8e3ab0c	713	Pfam	PF00168	C2 domain	113	167	2800.0	T	01-10-2025	IPR000008	C2 domain	-	-
KAG3023905.1	36ad6e29a5d0414e91ce126fe8e3ab0c	713	Pfam	PF00069	Protein kinase domain	373	632	1.2E-54	T	01-10-2025	IPR000719	Protein kinase domain	-	-
KAG3089192.1	36ad6e29a5d0414e91ce126fe8e3ab0c	713	Pfam	PF00610	Domain found in Dishevelled, Egl-10, and Pleckstrin (DEP)	209	286	3.0E-9	T	01-10-2025	IPR000591	DEP domain	-	-
KAG3089192.1	36ad6e29a5d0414e91ce126fe8e3ab0c	713	Pfam	PF00168	C2 domain	31	84	130.0	T	01-10-2025	IPR000008	C2 domain	-	-
KAG3089192.1	36ad6e29a5d0414e91ce126fe8e3ab0c	713	Pfam	PF00168	C2 domain	113	167	2800.0	T	01-10-2025	IPR000008	C2 domain	-	-
KAG3089192.1	36ad6e29a5d0414e91ce126fe8e3ab0c	713	Pfam	PF00069	Protein kinase domain	373	632	1.2E-54	T	01-10-2025	IPR000719	Protein kinase domain	-	-
KAG3110857.1	a9daffe8ca9ff3ad6b93a9fc9bc55d63	500	Pfam	PF00610	Domain found in Dishevelled, Egl-10, and Pleckstrin (DEP)	209	286	1.8E-9	T	01-10-2025	IPR000591	DEP domain	-	-
KAG3110857.1	a9daffe8ca9ff3ad6b93a9fc9bc55d63	500	Pfam	PF00168	C2 domain	113	167	1700.0	T	01-10-2025	IPR000008	C2 domain	-	-
KAG3110857.1	a9daffe8ca9ff3ad6b93a9fc9bc55d63	500	Pfam	PF00168	C2 domain	31	84	82.0	T	01-10-2025	IPR000008	C2 domain	-	-
KAG3156054.1	a9daffe8ca9ff3ad6b93a9fc9bc55d63	500	Pfam	PF00610	Domain found in Dishevelled, Egl-10, and Pleckstrin (DEP)	209	286	1.8E-9	T	01-10-2025	IPR000591	DEP domain	-	-
KAG3156054.1	a9daffe8ca9ff3ad6b93a9fc9bc55d63	500	Pfam	PF00168	C2 domain	113	167	1700.0	T	01-10-2025	IPR000008	C2 domain	-	-
KAG3156054.1	a9daffe8ca9ff3ad6b93a9fc9bc55d63	500	Pfam	PF00168	C2 domain	31	84	82.0	T	01-10-2025	IPR000008	C2 domain	-	-
KAG3175553.1	36ad6e29a5d0414e91ce126fe8e3ab0c	713	Pfam	PF00168	C2 domain	31	84	130.0	T	01-10-2025	IPR000008	C2 domain	-	-
KAG3175553.1	36ad6e29a5d0414e91ce126fe8e3ab0c	713	Pfam	PF00168	C2 domain	113	167	2800.0	T	01-10-2025	IPR000008	C2 domain	-	-
KAG3175553.1	36ad6e29a5d0414e91ce126fe8e3ab0c	713	Pfam	PF00069	Protein kinase domain	373	632	1.2E-54	T	01-10-2025	IPR000719	Protein kinase domain	-	-
KAG3175553.1	36ad6e29a5d0414e91ce126fe8e3ab0c	713	Pfam	PF00610	Domain found in Dishevelled, Egl-10, and Pleckstrin (DEP)	209	286	3.0E-9	T	01-10-2025	IPR000591	DEP domain	-	-
KAG3194014.1	1eeec99f8bfdcb4711736dc8aaf0c6cd	500	Pfam	PF00610	Domain found in Dishevelled, Egl-10, and Pleckstrin (DEP)	209	286	1.8E-9	T	01-10-2025	IPR000591	DEP domain	-	-
KAG3194014.1	1eeec99f8bfdcb4711736dc8aaf0c6cd	500	Pfam	PF00168	C2 domain	113	167	1700.0	T	01-10-2025	IPR000008	C2 domain	-	-
KAG3194014.1	1eeec99f8bfdcb4711736dc8aaf0c6cd	500	Pfam	PF00168	C2 domain	31	84	82.0	T	01-10-2025	IPR000008	C2 domain	-	-
KAG3223015.1	730aa630409388dadbfcc9dbed9093dd	638	Pfam	PF00168	C2 domain	113	167	2400.0	T	01-10-2025	IPR000008	C2 domain	-	-
KAG3223015.1	730aa630409388dadbfcc9dbed9093dd	638	Pfam	PF00168	C2 domain	31	84	110.0	T	01-10-2025	IPR000008	C2 domain	-	-
KAG3223015.1	730aa630409388dadbfcc9dbed9093dd	638	Pfam	PF00610	Domain found in Dishevelled, Egl-10, and Pleckstrin (DEP)	209	286	2.5E-9	T	01-10-2025	IPR000591	DEP domain	-	-
KAG3223015.1	730aa630409388dadbfcc9dbed9093dd	638	Pfam	PF00069	Protein kinase domain	426	557	3.0E-21	T	01-10-2025	IPR000719	Protein kinase domain	-	-
KAG3245299.1	162a650b1d1c1a71ed468d11445a9bbe	486	Pfam	PF00610	Domain found in Dishevelled, Egl-10, and Pleckstrin (DEP)	209	286	1.7E-9	T	01-10-2025	IPR000591	DEP domain	-	-
KAG3245299.1	162a650b1d1c1a71ed468d11445a9bbe	486	Pfam	PF00168	C2 domain	113	167	1700.0	T	01-10-2025	IPR000008	C2 domain	-	-
KAG3245299.1	162a650b1d1c1a71ed468d11445a9bbe	486	Pfam	PF00168	C2 domain	31	84	79.0	T	01-10-2025	IPR000008	C2 domain	-	-
KAG4057488.1	36ad6e29a5d0414e91ce126fe8e3ab0c	713	Pfam	PF00610	Domain found in Dishevelled, Egl-10, and Pleckstrin (DEP)	209	286	3.0E-9	T	01-10-2025	IPR000591	DEP domain	-	-
KAG4057488.1	36ad6e29a5d0414e91ce126fe8e3ab0c	713	Pfam	PF00168	C2 domain	31	84	130.0	T	01-10-2025	IPR000008	C2 domain	-	-
KAG4057488.1	36ad6e29a5d0414e91ce126fe8e3ab0c	713	Pfam	PF00168	C2 domain	113	167	2800.0	T	01-10-2025	IPR000008	C2 domain	-	-
KAG4057488.1	36ad6e29a5d0414e91ce126fe8e3ab0c	713	Pfam	PF00069	Protein kinase domain	373	632	1.2E-54	T	01-10-2025	IPR000719	Protein kinase domain	-	-
KAG4234383.1	393fcc9cae341dff6c9238153322243a	862	Pfam	PF01363	FYVE zinc finger	414	463	3.4E-4	T	01-10-2025	IPR000306	FYVE zinc finger	-	-
KAG4234383.1	393fcc9cae341dff6c9238153322243a	862	Pfam	PF00168	C2 domain	263	358	1.8E-8	T	01-10-2025	IPR000008	C2 domain	-	-
KAG4234383.1	393fcc9cae341dff6c9238153322243a	862	Pfam	PF00069	Protein kinase domain	519	786	1.2E-66	T	01-10-2025	IPR000719	Protein kinase domain	-	-
KAG4234383.1	393fcc9cae341dff6c9238153322243a	862	Pfam	PF22749	Arb2 domain	3	198	2.0E-19	T	01-10-2025	IPR053858	Arb2 domain	-	-
KAG4240582.1	36ad6e29a5d0414e91ce126fe8e3ab0c	713	Pfam	PF00610	Domain found in Dishevelled, Egl-10, and Pleckstrin (DEP)	209	286	3.0E-9	T	01-10-2025	IPR000591	DEP domain	-	-
KAG4240582.1	36ad6e29a5d0414e91ce126fe8e3ab0c	713	Pfam	PF00168	C2 domain	31	84	130.0	T	01-10-2025	IPR000008	C2 domain	-	-
KAG4240582.1	36ad6e29a5d0414e91ce126fe8e3ab0c	713	Pfam	PF00168	C2 domain	113	167	2800.0	T	01-10-2025	IPR000008	C2 domain	-	-
KAG4240582.1	36ad6e29a5d0414e91ce126fe8e3ab0c	713	Pfam	PF00069	Protein kinase domain	373	632	1.2E-54	T	01-10-2025	IPR000719	Protein kinase domain	-	-
KAG6587159.1	3c0633f2c638778f0e7ad79547c64121	715	Pfam	PF00069	Protein kinase domain	375	644	2.9E-54	T	01-10-2025	IPR000719	Protein kinase domain	-	-
KAG6587159.1	3c0633f2c638778f0e7ad79547c64121	715	Pfam	PF00168	C2 domain	31	84	770.0	T	01-10-2025	IPR000008	C2 domain	-	-
KAG6587159.1	3c0633f2c638778f0e7ad79547c64121	715	Pfam	PF00168	C2 domain	113	167	2800.0	T	01-10-2025	IPR000008	C2 domain	-	-
KAG6587159.1	3c0633f2c638778f0e7ad79547c64121	715	Pfam	PF00610	Domain found in Dishevelled, Egl-10, and Pleckstrin (DEP)	209	286	3.6E-9	T	01-10-2025	IPR000591	DEP domain	-	-
KAG6604574.1	dceb16679c406abfe29683cdb81a8ab2	855	Pfam	PF00168	C2 domain	286	381	1.0E-8	T	01-10-2025	IPR000008	C2 domain	-	-
KAG6604574.1	dceb16679c406abfe29683cdb81a8ab2	855	Pfam	PF22749	Arb2 domain	12	221	5.0E-22	T	01-10-2025	IPR053858	Arb2 domain	-	-
KAG6604574.1	dceb16679c406abfe29683cdb81a8ab2	855	Pfam	PF00069	Protein kinase domain	541	780	1.1E-54	T	01-10-2025	IPR000719	Protein kinase domain	-	-
KAG6604574.1	dceb16679c406abfe29683cdb81a8ab2	855	Pfam	PF01363	FYVE zinc finger	437	486	1.7E-4	T	01-10-2025	IPR000306	FYVE zinc finger	-	-
KAG6604575.1	406374f9291f26040450d432fb4b9c29	856	Pfam	PF00069	Protein kinase domain	542	781	1.1E-54	T	01-10-2025	IPR000719	Protein kinase domain	-	-
KAG6604575.1	406374f9291f26040450d432fb4b9c29	856	Pfam	PF01363	FYVE zinc finger	438	487	1.7E-4	T	01-10-2025	IPR000306	FYVE zinc finger	-	-
KAG6604575.1	406374f9291f26040450d432fb4b9c29	856	Pfam	PF22749	Arb2 domain	13	222	4.5E-22	T	01-10-2025	IPR053858	Arb2 domain	-	-
KAG6604575.1	406374f9291f26040450d432fb4b9c29	856	Pfam	PF00168	C2 domain	287	382	1.0E-8	T	01-10-2025	IPR000008	C2 domain	-	-
KAG6965607.1	0b2872f595f0c21c2c3c26415ab40b4c	693	Pfam	PF00168	C2 domain	93	147	2700.0	T	01-10-2025	IPR000008	C2 domain	-	-
KAG6965607.1	0b2872f595f0c21c2c3c26415ab40b4c	693	Pfam	PF00168	C2 domain	11	64	130.0	T	01-10-2025	IPR000008	C2 domain	-	-
KAG6965607.1	0b2872f595f0c21c2c3c26415ab40b4c	693	Pfam	PF00069	Protein kinase domain	353	612	1.1E-54	T	01-10-2025	IPR000719	Protein kinase domain	-	-
KAG6965607.1	0b2872f595f0c21c2c3c26415ab40b4c	693	Pfam	PF00610	Domain found in Dishevelled, Egl-10, and Pleckstrin (DEP)	189	266	2.9E-9	T	01-10-2025	IPR000591	DEP domain	-	-
KAG6968385.1	c3a5667196a10d74023189a9796dbdba	693	Pfam	PF00168	C2 domain	11	64	120.0	T	01-10-2025	IPR000008	C2 domain	-	-
KAG6968385.1	c3a5667196a10d74023189a9796dbdba	693	Pfam	PF00168	C2 domain	93	147	2700.0	T	01-10-2025	IPR000008	C2 domain	-	-
KAG6968385.1	c3a5667196a10d74023189a9796dbdba	693	Pfam	PF00610	Domain found in Dishevelled, Egl-10, and Pleckstrin (DEP)	189	266	2.9E-9	T	01-10-2025	IPR000591	DEP domain	-	-
KAG6968385.1	c3a5667196a10d74023189a9796dbdba	693	Pfam	PF00069	Protein kinase domain	353	612	1.7E-54	T	01-10-2025	IPR000719	Protein kinase domain	-	-
KAG9406963.1	509beb9164ba904bb85e710a462b9a2d	898	Pfam	PF22749	Arb2 domain	19	230	2.1E-9	T	01-10-2025	IPR053858	Arb2 domain	-	-
KAG9406963.1	509beb9164ba904bb85e710a462b9a2d	898	Pfam	PF00069	Protein kinase domain	564	816	3.4E-65	T	01-10-2025	IPR000719	Protein kinase domain	-	-
KAG9406963.1	509beb9164ba904bb85e710a462b9a2d	898	Pfam	PF00168	C2 domain	290	385	1.7E-8	T	01-10-2025	IPR000008	C2 domain	-	-
KAH7468701.1	b33e7d7f4db32f15860df24115d8ec2a	708	Pfam	PF00168	C2 domain	106	160	3000.0	T	01-10-2025	IPR000008	C2 domain	-	-
KAH7468701.1	b33e7d7f4db32f15860df24115d8ec2a	708	Pfam	PF00168	C2 domain	24	77	2000.0	T	01-10-2025	IPR000008	C2 domain	-	-
KAH7468701.1	b33e7d7f4db32f15860df24115d8ec2a	708	Pfam	PF00069	Protein kinase domain	368	637	3.7E-55	T	01-10-2025	IPR000719	Protein kinase domain	-	-
KAH7468701.1	b33e7d7f4db32f15860df24115d8ec2a	708	Pfam	PF00610	Domain found in Dishevelled, Egl-10, and Pleckstrin (DEP)	203	279	3.6E-9	T	01-10-2025	IPR000591	DEP domain	-	-
KAH9056040.1	0141317992ed3923d6a34b6088da1533	898	Pfam	PF00168	C2 domain	290	385	1.7E-8	T	01-10-2025	IPR000008	C2 domain	-	-
KAH9056040.1	0141317992ed3923d6a34b6088da1533	898	Pfam	PF22749	Arb2 domain	19	230	7.3E-10	T	01-10-2025	IPR053858	Arb2 domain	-	-
KAH9056040.1	0141317992ed3923d6a34b6088da1533	898	Pfam	PF00069	Protein kinase domain	564	816	3.5E-65	T	01-10-2025	IPR000719	Protein kinase domain	-	-
KAH9108886.1	8a99350bf96fb99050833c905c1ffd06	898	Pfam	PF00168	C2 domain	290	385	3.1E-8	T	01-10-2025	IPR000008	C2 domain	-	-
KAH9108886.1	8a99350bf96fb99050833c905c1ffd06	898	Pfam	PF22749	Arb2 domain	19	230	7.2E-10	T	01-10-2025	IPR053858	Arb2 domain	-	-
KAH9108886.1	8a99350bf96fb99050833c905c1ffd06	898	Pfam	PF00069	Protein kinase domain	564	816	3.5E-65	T	01-10-2025	IPR000719	Protein kinase domain	-	-
KAH9132262.1	8a99350bf96fb99050833c905c1ffd06	898	Pfam	PF00069	Protein kinase domain	564	816	3.5E-65	T	01-10-2025	IPR000719	Protein kinase domain	-	-
KAH9132262.1	8a99350bf96fb99050833c905c1ffd06	898	Pfam	PF00168	C2 domain	290	385	3.1E-8	T	01-10-2025	IPR000008	C2 domain	-	-
KAH9132262.1	8a99350bf96fb99050833c905c1ffd06	898	Pfam	PF22749	Arb2 domain	19	230	7.2E-10	T	01-10-2025	IPR053858	Arb2 domain	-	-
KAH9134684.1	0141317992ed3923d6a34b6088da1533	898	Pfam	PF00168	C2 domain	290	385	1.7E-8	T	01-10-2025	IPR000008	C2 domain	-	-
KAH9134684.1	0141317992ed3923d6a34b6088da1533	898	Pfam	PF22749	Arb2 domain	19	230	7.3E-10	T	01-10-2025	IPR053858	Arb2 domain	-	-
KAH9134684.1	0141317992ed3923d6a34b6088da1533	898	Pfam	PF00069	Protein kinase domain	564	816	3.5E-65	T	01-10-2025	IPR000719	Protein kinase domain	-	-
KAH9192606.1	8a99350bf96fb99050833c905c1ffd06	898	Pfam	PF00168	C2 domain	290	385	3.1E-8	T	01-10-2025	IPR000008	C2 domain	-	-
KAH9192606.1	8a99350bf96fb99050833c905c1ffd06	898	Pfam	PF22749	Arb2 domain	19	230	7.2E-10	T	01-10-2025	IPR053858	Arb2 domain	-	-
KAH9192606.1	8a99350bf96fb99050833c905c1ffd06	898	Pfam	PF00069	Protein kinase domain	564	816	3.5E-65	T	01-10-2025	IPR000719	Protein kinase domain	-	-
KAI9918946.1	e97ca1b9c074bf8ece7446a6274315ab	713	Pfam	PF00069	Protein kinase domain	373	632	2.9E-53	T	01-10-2025	IPR000719	Protein kinase domain	-	-
KAI9918946.1	e97ca1b9c074bf8ece7446a6274315ab	713	Pfam	PF00610	Domain found in Dishevelled, Egl-10, and Pleckstrin (DEP)	213	291	2.4E-8	T	01-10-2025	IPR000591	DEP domain	-	-
KAI9918946.1	e97ca1b9c074bf8ece7446a6274315ab	713	Pfam	PF00168	C2 domain	36	89	200.0	T	01-10-2025	IPR000008	C2 domain	-	-
KAI9979455.1	7a605e59f71f7c380598c87f6e3a9349	885	Pfam	PF22749	Arb2 domain	13	222	4.3E-20	T	01-10-2025	IPR053858	Arb2 domain	-	-
KAI9979455.1	7a605e59f71f7c380598c87f6e3a9349	885	Pfam	PF00069	Protein kinase domain	543	810	1.3E-66	T	01-10-2025	IPR000719	Protein kinase domain	-	-
KAI9979455.1	7a605e59f71f7c380598c87f6e3a9349	885	Pfam	PF01363	FYVE zinc finger	438	487	0.0026	T	01-10-2025	IPR000306	FYVE zinc finger	-	-
KAI9979455.1	7a605e59f71f7c380598c87f6e3a9349	885	Pfam	PF00168	C2 domain	287	382	1.2E-8	T	01-10-2025	IPR000008	C2 domain	-	-
KAI9979614.1	7a36a677eb587de4c21aeec224396553	560	Pfam	PF00069	Protein kinase domain	218	485	4.6E-67	T	01-10-2025	IPR000719	Protein kinase domain	-	-
KAI9979614.1	7a36a677eb587de4c21aeec224396553	560	Pfam	PF00168	C2 domain	2	57	0.0029	T	01-10-2025	IPR000008	C2 domain	-	-
KAI9979614.1	7a36a677eb587de4c21aeec224396553	560	Pfam	PF01363	FYVE zinc finger	113	162	0.0015	T	01-10-2025	IPR000306	FYVE zinc finger	-	-
KAI9979803.1	bb72ac4c04dfcbc76e6351fb8f2f54c7	885	Pfam	PF22749	Arb2 domain	13	222	4.3E-20	T	01-10-2025	IPR053858	Arb2 domain	-	-
KAI9979803.1	bb72ac4c04dfcbc76e6351fb8f2f54c7	885	Pfam	PF00069	Protein kinase domain	543	810	1.3E-66	T	01-10-2025	IPR000719	Protein kinase domain	-	-
KAI9979803.1	bb72ac4c04dfcbc76e6351fb8f2f54c7	885	Pfam	PF01363	FYVE zinc finger	438	487	0.0026	T	01-10-2025	IPR000306	FYVE zinc finger	-	-
KAI9979803.1	bb72ac4c04dfcbc76e6351fb8f2f54c7	885	Pfam	PF00168	C2 domain	287	382	1.2E-8	T	01-10-2025	IPR000008	C2 domain	-	-
KAI9981527.1	17b4f77d7bdccffa2f7639d869fb5f45	713	Pfam	PF00069	Protein kinase domain	373	632	3.4E-54	T	01-10-2025	IPR000719	Protein kinase domain	-	-
KAI9981527.1	17b4f77d7bdccffa2f7639d869fb5f45	713	Pfam	PF00610	Domain found in Dishevelled, Egl-10, and Pleckstrin (DEP)	208	286	9.4E-10	T	01-10-2025	IPR000591	DEP domain	-	-
KAI9981527.1	17b4f77d7bdccffa2f7639d869fb5f45	713	Pfam	PF00168	C2 domain	31	84	140.0	T	01-10-2025	IPR000008	C2 domain	-	-
KAI9981527.1	17b4f77d7bdccffa2f7639d869fb5f45	713	Pfam	PF00168	C2 domain	113	167	690.0	T	01-10-2025	IPR000008	C2 domain	-	-
KAI9998530.1	bb72ac4c04dfcbc76e6351fb8f2f54c7	885	Pfam	PF01363	FYVE zinc finger	438	487	0.0026	T	01-10-2025	IPR000306	FYVE zinc finger	-	-
KAI9998530.1	bb72ac4c04dfcbc76e6351fb8f2f54c7	885	Pfam	PF00168	C2 domain	287	382	1.2E-8	T	01-10-2025	IPR000008	C2 domain	-	-
KAI9998530.1	bb72ac4c04dfcbc76e6351fb8f2f54c7	885	Pfam	PF00069	Protein kinase domain	543	810	1.3E-66	T	01-10-2025	IPR000719	Protein kinase domain	-	-
KAI9998530.1	bb72ac4c04dfcbc76e6351fb8f2f54c7	885	Pfam	PF22749	Arb2 domain	13	222	4.3E-20	T	01-10-2025	IPR053858	Arb2 domain	-	-
KAI9998562.1	7a605e59f71f7c380598c87f6e3a9349	885	Pfam	PF22749	Arb2 domain	13	222	4.3E-20	T	01-10-2025	IPR053858	Arb2 domain	-	-
KAI9998562.1	7a605e59f71f7c380598c87f6e3a9349	885	Pfam	PF00069	Protein kinase domain	543	810	1.3E-66	T	01-10-2025	IPR000719	Protein kinase domain	-	-
KAI9998562.1	7a605e59f71f7c380598c87f6e3a9349	885	Pfam	PF01363	FYVE zinc finger	438	487	0.0026	T	01-10-2025	IPR000306	FYVE zinc finger	-	-
KAI9998562.1	7a605e59f71f7c380598c87f6e3a9349	885	Pfam	PF00168	C2 domain	287	382	1.2E-8	T	01-10-2025	IPR000008	C2 domain	-	-
KAJ0399516.1	98a098728f0436ae3d6ebdce9b37375d	672	Pfam	PF00610	Domain found in Dishevelled, Egl-10, and Pleckstrin (DEP)	211	289	5.5E-9	T	01-10-2025	IPR000591	DEP domain	-	-
KAJ0399516.1	98a098728f0436ae3d6ebdce9b37375d	672	Pfam	PF00168	C2 domain	34	87	380.0	T	01-10-2025	IPR000008	C2 domain	-	-
KAJ0399516.1	98a098728f0436ae3d6ebdce9b37375d	672	Pfam	PF00069	Protein kinase domain	374	497	4.9E-18	T	01-10-2025	IPR000719	Protein kinase domain	-	-
KAJ0399516.1	98a098728f0436ae3d6ebdce9b37375d	672	Pfam	PF00069	Protein kinase domain	498	591	6.7E-12	T	01-10-2025	IPR000719	Protein kinase domain	-	-
KAJ0399649.1	002a32c163876bdcbdffb1f98f7422db	674	Pfam	PF00069	Protein kinase domain	376	499	4.9E-18	T	01-10-2025	IPR000719	Protein kinase domain	-	-
KAJ0399649.1	002a32c163876bdcbdffb1f98f7422db	674	Pfam	PF00069	Protein kinase domain	500	593	6.7E-12	T	01-10-2025	IPR000719	Protein kinase domain	-	-
KAJ0399649.1	002a32c163876bdcbdffb1f98f7422db	674	Pfam	PF00168	C2 domain	36	89	390.0	T	01-10-2025	IPR000008	C2 domain	-	-
KAJ0399649.1	002a32c163876bdcbdffb1f98f7422db	674	Pfam	PF00610	Domain found in Dishevelled, Egl-10, and Pleckstrin (DEP)	213	291	5.5E-9	T	01-10-2025	IPR000591	DEP domain	-	-
KAK1934669.1	602e9e123498c9cfc25981cddc84b699	880	Pfam	PF00069	Protein kinase domain	538	805	3.8E-67	T	01-10-2025	IPR000719	Protein kinase domain	-	-
KAK1934669.1	602e9e123498c9cfc25981cddc84b699	880	Pfam	PF01363	FYVE zinc finger	433	482	0.0042	T	01-10-2025	IPR000306	FYVE zinc finger	-	-
KAK1934669.1	602e9e123498c9cfc25981cddc84b699	880	Pfam	PF22749	Arb2 domain	7	216	9.4E-22	T	01-10-2025	IPR053858	Arb2 domain	-	-
KAK1934669.1	602e9e123498c9cfc25981cddc84b699	880	Pfam	PF00168	C2 domain	281	376	2.2E-7	T	01-10-2025	IPR000008	C2 domain	-	-
KAL0589881.1	0c837b17a1587afff964ae14860aa8df	856	Pfam	PF00610	Domain found in Dishevelled, Egl-10, and Pleckstrin (DEP)	298	379	6.0E-6	T	01-10-2025	IPR000591	DEP domain	-	-
KAL0589881.1	0c837b17a1587afff964ae14860aa8df	856	Pfam	PF00069	Protein kinase domain	505	777	1.1E-52	T	01-10-2025	IPR000719	Protein kinase domain	-	-
KAL0591393.1	430c208ebee30de74674583291fd3bf3	876	Pfam	PF00168	C2 domain	253	348	7.2E-6	T	01-10-2025	IPR000008	C2 domain	-	-
KAL0591393.1	430c208ebee30de74674583291fd3bf3	876	Pfam	PF01363	FYVE zinc finger	416	469	0.0024	T	01-10-2025	IPR000306	FYVE zinc finger	-	-
KAL0591393.1	430c208ebee30de74674583291fd3bf3	876	Pfam	PF00069	Protein kinase domain	540	809	2.3E-68	T	01-10-2025	IPR000719	Protein kinase domain	-	-
KAL0591393.1	430c208ebee30de74674583291fd3bf3	876	Pfam	PF22749	Arb2 domain	6	188	1.5E-17	T	01-10-2025	IPR053858	Arb2 domain	-	-
KAL3656331.1	25d2663cc3e3d522b46fce977c87876e	885	Pfam	PF00069	Protein kinase domain	543	810	9.8E-67	T	01-10-2025	IPR000719	Protein kinase domain	-	-
KAL3656331.1	25d2663cc3e3d522b46fce977c87876e	885	Pfam	PF00168	C2 domain	286	381	2.2E-7	T	01-10-2025	IPR000008	C2 domain	-	-
KAL3656331.1	25d2663cc3e3d522b46fce977c87876e	885	Pfam	PF01363	FYVE zinc finger	438	487	0.003	T	01-10-2025	IPR000306	FYVE zinc finger	-	-
KAL3656331.1	25d2663cc3e3d522b46fce977c87876e	885	Pfam	PF22749	Arb2 domain	12	221	5.1E-21	T	01-10-2025	IPR053858	Arb2 domain	-	-
KAL3664820.1	cb8b7db604b6ae98a86c5755498b9a9b	713	Pfam	PF00069	Protein kinase domain	373	632	6.5E-56	T	01-10-2025	IPR000719	Protein kinase domain	-	-
KAL3664820.1	cb8b7db604b6ae98a86c5755498b9a9b	713	Pfam	PF00610	Domain found in Dishevelled, Egl-10, and Pleckstrin (DEP)	209	286	3.5E-9	T	01-10-2025	IPR000591	DEP domain	-	-
KAL3664820.1	cb8b7db604b6ae98a86c5755498b9a9b	713	Pfam	PF00168	C2 domain	31	84	790.0	T	01-10-2025	IPR000008	C2 domain	-	-
KAL3664820.1	cb8b7db604b6ae98a86c5755498b9a9b	713	Pfam	PF00168	C2 domain	113	167	3400.0	T	01-10-2025	IPR000008	C2 domain	-	-
KAL4094543.1	b33e7d7f4db32f15860df24115d8ec2a	708	Pfam	PF00069	Protein kinase domain	368	637	3.7E-55	T	01-10-2025	IPR000719	Protein kinase domain	-	-
KAL4094543.1	b33e7d7f4db32f15860df24115d8ec2a	708	Pfam	PF00610	Domain found in Dishevelled, Egl-10, and Pleckstrin (DEP)	203	279	3.6E-9	T	01-10-2025	IPR000591	DEP domain	-	-
KAL4094543.1	b33e7d7f4db32f15860df24115d8ec2a	708	Pfam	PF00168	C2 domain	106	160	3000.0	T	01-10-2025	IPR000008	C2 domain	-	-
KAL4094543.1	b33e7d7f4db32f15860df24115d8ec2a	708	Pfam	PF00168	C2 domain	24	77	2000.0	T	01-10-2025	IPR000008	C2 domain	-	-
KAL4110224.1	0c98d669cb25de3941ed8ae2aa8fccbc	880	Pfam	PF01363	FYVE zinc finger	434	483	0.0019	T	01-10-2025	IPR000306	FYVE zinc finger	-	-
KAL4110224.1	0c98d669cb25de3941ed8ae2aa8fccbc	880	Pfam	PF00069	Protein kinase domain	538	804	4.4E-66	T	01-10-2025	IPR000719	Protein kinase domain	-	-
KAL4110224.1	0c98d669cb25de3941ed8ae2aa8fccbc	880	Pfam	PF00168	C2 domain	287	382	1.8E-8	T	01-10-2025	IPR000008	C2 domain	-	-
KAL4110224.1	0c98d669cb25de3941ed8ae2aa8fccbc	880	Pfam	PF22749	Arb2 domain	11	222	1.2E-20	T	01-10-2025	IPR053858	Arb2 domain	-	-
KAL4114032.1	0c98d669cb25de3941ed8ae2aa8fccbc	880	Pfam	PF01363	FYVE zinc finger	434	483	0.0019	T	01-10-2025	IPR000306	FYVE zinc finger	-	-
KAL4114032.1	0c98d669cb25de3941ed8ae2aa8fccbc	880	Pfam	PF00168	C2 domain	287	382	1.8E-8	T	01-10-2025	IPR000008	C2 domain	-	-
KAL4114032.1	0c98d669cb25de3941ed8ae2aa8fccbc	880	Pfam	PF00069	Protein kinase domain	538	804	4.4E-66	T	01-10-2025	IPR000719	Protein kinase domain	-	-
KAL4114032.1	0c98d669cb25de3941ed8ae2aa8fccbc	880	Pfam	PF22749	Arb2 domain	11	222	1.2E-20	T	01-10-2025	IPR053858	Arb2 domain	-	-
KAL4123888.1	b33e7d7f4db32f15860df24115d8ec2a	708	Pfam	PF00168	C2 domain	106	160	3000.0	T	01-10-2025	IPR000008	C2 domain	-	-
KAL4123888.1	b33e7d7f4db32f15860df24115d8ec2a	708	Pfam	PF00168	C2 domain	24	77	2000.0	T	01-10-2025	IPR000008	C2 domain	-	-
KAL4123888.1	b33e7d7f4db32f15860df24115d8ec2a	708	Pfam	PF00069	Protein kinase domain	368	637	3.7E-55	T	01-10-2025	IPR000719	Protein kinase domain	-	-
KAL4123888.1	b33e7d7f4db32f15860df24115d8ec2a	708	Pfam	PF00610	Domain found in Dishevelled, Egl-10, and Pleckstrin (DEP)	203	279	3.6E-9	T	01-10-2025	IPR000591	DEP domain	-	-
KAL4150579.1	b33e7d7f4db32f15860df24115d8ec2a	708	Pfam	PF00069	Protein kinase domain	368	637	3.7E-55	T	01-10-2025	IPR000719	Protein kinase domain	-	-
KAL4150579.1	b33e7d7f4db32f15860df24115d8ec2a	708	Pfam	PF00610	Domain found in Dishevelled, Egl-10, and Pleckstrin (DEP)	203	279	3.6E-9	T	01-10-2025	IPR000591	DEP domain	-	-
KAL4150579.1	b33e7d7f4db32f15860df24115d8ec2a	708	Pfam	PF00168	C2 domain	106	160	3000.0	T	01-10-2025	IPR000008	C2 domain	-	-
KAL4150579.1	b33e7d7f4db32f15860df24115d8ec2a	708	Pfam	PF00168	C2 domain	24	77	2000.0	T	01-10-2025	IPR000008	C2 domain	-	-
KAL4161283.1	1c502c1324f8d6dafecc65bc859a6f8a	880	Pfam	PF00168	C2 domain	287	382	8.8E-9	T	01-10-2025	IPR000008	C2 domain	-	-
KAL4161283.1	1c502c1324f8d6dafecc65bc859a6f8a	880	Pfam	PF01363	FYVE zinc finger	434	483	0.0019	T	01-10-2025	IPR000306	FYVE zinc finger	-	-
KAL4161283.1	1c502c1324f8d6dafecc65bc859a6f8a	880	Pfam	PF00069	Protein kinase domain	538	804	4.4E-66	T	01-10-2025	IPR000719	Protein kinase domain	-	-
KAL4161283.1	1c502c1324f8d6dafecc65bc859a6f8a	880	Pfam	PF22749	Arb2 domain	11	222	1.2E-20	T	01-10-2025	IPR053858	Arb2 domain	-	-
KAL4168450.1	b33e7d7f4db32f15860df24115d8ec2a	708	Pfam	PF00168	C2 domain	106	160	3000.0	T	01-10-2025	IPR000008	C2 domain	-	-
KAL4168450.1	b33e7d7f4db32f15860df24115d8ec2a	708	Pfam	PF00168	C2 domain	24	77	2000.0	T	01-10-2025	IPR000008	C2 domain	-	-
KAL4168450.1	b33e7d7f4db32f15860df24115d8ec2a	708	Pfam	PF00069	Protein kinase domain	368	637	3.7E-55	T	01-10-2025	IPR000719	Protein kinase domain	-	-
KAL4168450.1	b33e7d7f4db32f15860df24115d8ec2a	708	Pfam	PF00610	Domain found in Dishevelled, Egl-10, and Pleckstrin (DEP)	203	279	3.6E-9	T	01-10-2025	IPR000591	DEP domain	-	-
KAL4176886.1	0c98d669cb25de3941ed8ae2aa8fccbc	880	Pfam	PF01363	FYVE zinc finger	434	483	0.0019	T	01-10-2025	IPR000306	FYVE zinc finger	-	-
KAL4176886.1	0c98d669cb25de3941ed8ae2aa8fccbc	880	Pfam	PF00168	C2 domain	287	382	1.8E-8	T	01-10-2025	IPR000008	C2 domain	-	-
KAL4176886.1	0c98d669cb25de3941ed8ae2aa8fccbc	880	Pfam	PF00069	Protein kinase domain	538	804	4.4E-66	T	01-10-2025	IPR000719	Protein kinase domain	-	-
KAL4176886.1	0c98d669cb25de3941ed8ae2aa8fccbc	880	Pfam	PF22749	Arb2 domain	11	222	1.2E-20	T	01-10-2025	IPR053858	Arb2 domain	-	-
KUF80877.1	b515791e29f44d7b44536daad95733ef	713	Pfam	PF00168	C2 domain	113	167	2800.0	T	01-10-2025	IPR000008	C2 domain	-	-
KUF80877.1	b515791e29f44d7b44536daad95733ef	713	Pfam	PF00168	C2 domain	31	84	370.0	T	01-10-2025	IPR000008	C2 domain	-	-
KUF80877.1	b515791e29f44d7b44536daad95733ef	713	Pfam	PF00610	Domain found in Dishevelled, Egl-10, and Pleckstrin (DEP)	209	286	3.6E-9	T	01-10-2025	IPR000591	DEP domain	-	-
KUF80877.1	b515791e29f44d7b44536daad95733ef	713	Pfam	PF00069	Protein kinase domain	373	632	2.5E-54	T	01-10-2025	IPR000719	Protein kinase domain	-	-
KUF82549.1	b515791e29f44d7b44536daad95733ef	713	Pfam	PF00069	Protein kinase domain	373	632	2.5E-54	T	01-10-2025	IPR000719	Protein kinase domain	-	-
KUF82549.1	b515791e29f44d7b44536daad95733ef	713	Pfam	PF00168	C2 domain	113	167	2800.0	T	01-10-2025	IPR000008	C2 domain	-	-
KUF82549.1	b515791e29f44d7b44536daad95733ef	713	Pfam	PF00168	C2 domain	31	84	370.0	T	01-10-2025	IPR000008	C2 domain	-	-
KUF82549.1	b515791e29f44d7b44536daad95733ef	713	Pfam	PF00610	Domain found in Dishevelled, Egl-10, and Pleckstrin (DEP)	209	286	3.6E-9	T	01-10-2025	IPR000591	DEP domain	-	-
KUF89047.1	ed1be7854e54feb50b34ba118ee60ed2	886	Pfam	PF01363	FYVE zinc finger	438	487	0.0026	T	01-10-2025	IPR000306	FYVE zinc finger	-	-
KUF89047.1	ed1be7854e54feb50b34ba118ee60ed2	886	Pfam	PF22749	Arb2 domain	13	222	5.5E-21	T	01-10-2025	IPR053858	Arb2 domain	-	-
KUF89047.1	ed1be7854e54feb50b34ba118ee60ed2	886	Pfam	PF00168	C2 domain	287	382	3.2E-8	T	01-10-2025	IPR000008	C2 domain	-	-
KUF89047.1	ed1be7854e54feb50b34ba118ee60ed2	886	Pfam	PF00069	Protein kinase domain	543	810	4.1E-67	T	01-10-2025	IPR000719	Protein kinase domain	-	-
KUF97505.1	ed1be7854e54feb50b34ba118ee60ed2	886	Pfam	PF22749	Arb2 domain	13	222	5.5E-21	T	01-10-2025	IPR053858	Arb2 domain	-	-
KUF97505.1	ed1be7854e54feb50b34ba118ee60ed2	886	Pfam	PF00069	Protein kinase domain	543	810	4.1E-67	T	01-10-2025	IPR000719	Protein kinase domain	-	-
KUF97505.1	ed1be7854e54feb50b34ba118ee60ed2	886	Pfam	PF01363	FYVE zinc finger	438	487	0.0026	T	01-10-2025	IPR000306	FYVE zinc finger	-	-
KUF97505.1	ed1be7854e54feb50b34ba118ee60ed2	886	Pfam	PF00168	C2 domain	287	382	3.2E-8	T	01-10-2025	IPR000008	C2 domain	-	-
KUG01351.1	ed1be7854e54feb50b34ba118ee60ed2	886	Pfam	PF00168	C2 domain	287	382	3.2E-8	T	01-10-2025	IPR000008	C2 domain	-	-
KUG01351.1	ed1be7854e54feb50b34ba118ee60ed2	886	Pfam	PF00069	Protein kinase domain	543	810	4.1E-67	T	01-10-2025	IPR000719	Protein kinase domain	-	-
KUG01351.1	ed1be7854e54feb50b34ba118ee60ed2	886	Pfam	PF01363	FYVE zinc finger	438	487	0.0026	T	01-10-2025	IPR000306	FYVE zinc finger	-	-
KUG01351.1	ed1be7854e54feb50b34ba118ee60ed2	886	Pfam	PF22749	Arb2 domain	13	222	5.5E-21	T	01-10-2025	IPR053858	Arb2 domain	-	-
OWZ02589.1	93a14b0ce12f7241d547aa6f48114fb8	691	Pfam	PF00168	C2 domain	93	147	2900.0	T	01-10-2025	IPR000008	C2 domain	-	-
OWZ02589.1	93a14b0ce12f7241d547aa6f48114fb8	691	Pfam	PF00168	C2 domain	11	64	140.0	T	01-10-2025	IPR000008	C2 domain	-	-
OWZ02589.1	93a14b0ce12f7241d547aa6f48114fb8	691	Pfam	PF00610	Domain found in Dishevelled, Egl-10, and Pleckstrin (DEP)	188	266	1.5E-9	T	01-10-2025	IPR000591	DEP domain	-	-
OWZ02589.1	93a14b0ce12f7241d547aa6f48114fb8	691	Pfam	PF00069	Protein kinase domain	351	610	1.3E-54	T	01-10-2025	IPR000719	Protein kinase domain	-	-
RAW29522.1	42fda79e622d858769ee2716bdd25ba0	886	Pfam	PF01363	FYVE zinc finger	438	487	3.5E-4	T	01-10-2025	IPR000306	FYVE zinc finger	-	-
RAW29522.1	42fda79e622d858769ee2716bdd25ba0	886	Pfam	PF22749	Arb2 domain	13	222	9.4E-21	T	01-10-2025	IPR053858	Arb2 domain	-	-
RAW29522.1	42fda79e622d858769ee2716bdd25ba0	886	Pfam	PF00069	Protein kinase domain	543	810	1.2E-66	T	01-10-2025	IPR000719	Protein kinase domain	-	-
RAW29522.1	42fda79e622d858769ee2716bdd25ba0	886	Pfam	PF00168	C2 domain	287	382	1.9E-8	T	01-10-2025	IPR000008	C2 domain	-	-
RAW38761.1	36ad6e29a5d0414e91ce126fe8e3ab0c	713	Pfam	PF00168	C2 domain	31	84	130.0	T	01-10-2025	IPR000008	C2 domain	-	-
RAW38761.1	36ad6e29a5d0414e91ce126fe8e3ab0c	713	Pfam	PF00168	C2 domain	113	167	2800.0	T	01-10-2025	IPR000008	C2 domain	-	-
RAW38761.1	36ad6e29a5d0414e91ce126fe8e3ab0c	713	Pfam	PF00069	Protein kinase domain	373	632	1.2E-54	T	01-10-2025	IPR000719	Protein kinase domain	-	-
RAW38761.1	36ad6e29a5d0414e91ce126fe8e3ab0c	713	Pfam	PF00610	Domain found in Dishevelled, Egl-10, and Pleckstrin (DEP)	209	286	3.0E-9	T	01-10-2025	IPR000591	DEP domain	-	-
RLN36569.1	87ea982735d13f3a0aced4d38c4763e1	839	Pfam	PF00069	Protein kinase domain	257	526	3.3E-55	T	01-10-2025	IPR000719	Protein kinase domain	-	-
RLN36569.1	87ea982735d13f3a0aced4d38c4763e1	839	Pfam	PF08507	COPI associated protein	655	765	9.7E-8	T	01-10-2025	IPR013714	Golgi apparatus membrane protein TVP15	-	-
RLN45761.1	f3520912e6c3e89bc7fc3502838cddad	712	Pfam	PF00610	Domain found in Dishevelled, Egl-10, and Pleckstrin (DEP)	204	280	2.4E-9	T	01-10-2025	IPR000591	DEP domain	-	-
RLN45761.1	f3520912e6c3e89bc7fc3502838cddad	712	Pfam	PF00069	Protein kinase domain	372	641	3.1E-55	T	01-10-2025	IPR000719	Protein kinase domain	-	-
RLN60746.1	f3520912e6c3e89bc7fc3502838cddad	712	Pfam	PF00610	Domain found in Dishevelled, Egl-10, and Pleckstrin (DEP)	204	280	2.4E-9	T	01-10-2025	IPR000591	DEP domain	-	-
RLN60746.1	f3520912e6c3e89bc7fc3502838cddad	712	Pfam	PF00069	Protein kinase domain	372	641	3.1E-55	T	01-10-2025	IPR000719	Protein kinase domain	-	-
RLN78704.1	87ea982735d13f3a0aced4d38c4763e1	839	Pfam	PF00069	Protein kinase domain	257	526	3.3E-55	T	01-10-2025	IPR000719	Protein kinase domain	-	-
RLN78704.1	87ea982735d13f3a0aced4d38c4763e1	839	Pfam	PF08507	COPI associated protein	655	765	9.7E-8	T	01-10-2025	IPR013714	Golgi apparatus membrane protein TVP15	-	-
RMX66732.1	26eebf74b6bfeeaa97c9debe8ca003ae	717	Pfam	PF00168	C2 domain	31	84	290.0	T	01-10-2025	IPR000008	C2 domain	-	-
RMX66732.1	26eebf74b6bfeeaa97c9debe8ca003ae	717	Pfam	PF00168	C2 domain	113	167	3000.0	T	01-10-2025	IPR000008	C2 domain	-	-
RMX66732.1	26eebf74b6bfeeaa97c9debe8ca003ae	717	Pfam	PF00610	Domain found in Dishevelled, Egl-10, and Pleckstrin (DEP)	208	286	1.8E-7	T	01-10-2025	IPR000591	DEP domain	-	-
RMX66732.1	26eebf74b6bfeeaa97c9debe8ca003ae	717	Pfam	PF00069	Protein kinase domain	377	636	1.7E-55	T	01-10-2025	IPR000719	Protein kinase domain	-	-
RMX67832.1	b095f713d65cd379de597b38eae463f2	878	Pfam	PF22749	Arb2 domain	22	222	1.3E-18	T	01-10-2025	IPR053858	Arb2 domain	-	-
RMX67832.1	b095f713d65cd379de597b38eae463f2	878	Pfam	PF00168	C2 domain	287	382	3.1E-8	T	01-10-2025	IPR000008	C2 domain	-	-
RMX67832.1	b095f713d65cd379de597b38eae463f2	878	Pfam	PF01363	FYVE zinc finger	437	486	0.0042	T	01-10-2025	IPR000306	FYVE zinc finger	-	-
RMX67832.1	b095f713d65cd379de597b38eae463f2	878	Pfam	PF00069	Protein kinase domain	540	806	1.4E-66	T	01-10-2025	IPR000719	Protein kinase domain	-	-
RQM15223.1	8eeab3e7abfb9f3c2d96afe1f6ec9566	720	Pfam	PF00610	Domain found in Dishevelled, Egl-10, and Pleckstrin (DEP)	211	289	1.8E-7	T	01-10-2025	IPR000591	DEP domain	-	-
RQM15223.1	8eeab3e7abfb9f3c2d96afe1f6ec9566	720	Pfam	PF00168	C2 domain	116	170	3000.0	T	01-10-2025	IPR000008	C2 domain	-	-
RQM15223.1	8eeab3e7abfb9f3c2d96afe1f6ec9566	720	Pfam	PF00168	C2 domain	34	87	300.0	T	01-10-2025	IPR000008	C2 domain	-	-
RQM15223.1	8eeab3e7abfb9f3c2d96afe1f6ec9566	720	Pfam	PF00069	Protein kinase domain	380	639	1.7E-55	T	01-10-2025	IPR000719	Protein kinase domain	-	-
RQM17649.1	10350f3907a9b8c4184583323ee04810	878	Pfam	PF00168	C2 domain	287	382	3.1E-8	T	01-10-2025	IPR000008	C2 domain	-	-
RQM17649.1	10350f3907a9b8c4184583323ee04810	878	Pfam	PF01363	FYVE zinc finger	437	486	0.0042	T	01-10-2025	IPR000306	FYVE zinc finger	-	-
RQM17649.1	10350f3907a9b8c4184583323ee04810	878	Pfam	PF22749	Arb2 domain	22	222	2.4E-18	T	01-10-2025	IPR053858	Arb2 domain	-	-
RQM17649.1	10350f3907a9b8c4184583323ee04810	878	Pfam	PF00069	Protein kinase domain	540	806	1.4E-66	T	01-10-2025	IPR000719	Protein kinase domain	-	-
TDH73145.1	60f4e51a24e1f83d9e3a63d6beb2d4bd	882	Pfam	PF00069	Protein kinase domain	544	811	1.7E-66	T	01-10-2025	IPR000719	Protein kinase domain	-	-
TDH73145.1	60f4e51a24e1f83d9e3a63d6beb2d4bd	882	Pfam	PF00168	C2 domain	286	381	3.5E-7	T	01-10-2025	IPR000008	C2 domain	-	-
TDH73145.1	60f4e51a24e1f83d9e3a63d6beb2d4bd	882	Pfam	PF22749	Arb2 domain	12	221	7.5E-18	T	01-10-2025	IPR053858	Arb2 domain	-	-
TDH73145.1	60f4e51a24e1f83d9e3a63d6beb2d4bd	882	Pfam	PF01363	FYVE zinc finger	438	488	6.2E-4	T	01-10-2025	IPR000306	FYVE zinc finger	-	-
TMW65952.1	b14be9cb3d0e0a08fc21700dd93590ab	884	Pfam	PF22749	Arb2 domain	21	221	5.2E-20	T	01-10-2025	IPR053858	Arb2 domain	-	-
TMW65952.1	b14be9cb3d0e0a08fc21700dd93590ab	884	Pfam	PF00168	C2 domain	285	380	3.9E-8	T	01-10-2025	IPR000008	C2 domain	-	-
TMW65952.1	b14be9cb3d0e0a08fc21700dd93590ab	884	Pfam	PF00069	Protein kinase domain	550	817	2.2E-66	T	01-10-2025	IPR000719	Protein kinase domain	-	-
TMW68005.1	dfced04d4b179d5dd48e9a8e5aea81b2	714	Pfam	PF00168	C2 domain	120	174	1400.0	T	01-10-2025	IPR000008	C2 domain	-	-
TMW68005.1	dfced04d4b179d5dd48e9a8e5aea81b2	714	Pfam	PF00168	C2 domain	38	91	700.0	T	01-10-2025	IPR000008	C2 domain	-	-
TMW68005.1	dfced04d4b179d5dd48e9a8e5aea81b2	714	Pfam	PF00610	Domain found in Dishevelled, Egl-10, and Pleckstrin (DEP)	215	293	5.0E-8	T	01-10-2025	IPR000591	DEP domain	-	-
TMW68005.1	dfced04d4b179d5dd48e9a8e5aea81b2	714	Pfam	PF00069	Protein kinase domain	376	643	1.9E-57	T	01-10-2025	IPR000719	Protein kinase domain	-	-
TYZ61032.1	359f2315d622a32ae27dca6cef121c5e	729	Pfam	PF22749	Arb2 domain	12	215	2.2E-17	T	01-10-2025	IPR053858	Arb2 domain	-	-
TYZ61032.1	359f2315d622a32ae27dca6cef121c5e	729	Pfam	PF00168	C2 domain	280	375	3.7E-7	T	01-10-2025	IPR000008	C2 domain	-	-
TYZ61032.1	359f2315d622a32ae27dca6cef121c5e	729	Pfam	PF01363	FYVE zinc finger	446	494	3.4E-4	T	01-10-2025	IPR000306	FYVE zinc finger	-	-
TYZ68897.1	229c1194a256b76e8ad3257ff1a2a6f3	674	Pfam	PF00069	Protein kinase domain	485	590	2.8E-13	T	01-10-2025	IPR000719	Protein kinase domain	-	-
TYZ68897.1	229c1194a256b76e8ad3257ff1a2a6f3	674	Pfam	PF00069	Protein kinase domain	381	472	2.4E-10	T	01-10-2025	IPR000719	Protein kinase domain	-	-
TYZ68897.1	229c1194a256b76e8ad3257ff1a2a6f3	674	Pfam	PF00610	Domain found in Dishevelled, Egl-10, and Pleckstrin (DEP)	221	299	1.0E-9	T	01-10-2025	IPR000591	DEP domain	-	-
UIZ20658.1	172c0391689ebff79357591b69b1bcf0	878	Pfam	PF01363	FYVE zinc finger	437	486	0.0042	T	01-10-2025	IPR000306	FYVE zinc finger	-	-
UIZ20658.1	172c0391689ebff79357591b69b1bcf0	878	Pfam	PF00168	C2 domain	287	382	3.1E-8	T	01-10-2025	IPR000008	C2 domain	-	-
UIZ20658.1	172c0391689ebff79357591b69b1bcf0	878	Pfam	PF22749	Arb2 domain	22	222	1.3E-18	T	01-10-2025	IPR053858	Arb2 domain	-	-
UIZ20658.1	172c0391689ebff79357591b69b1bcf0	878	Pfam	PF00069	Protein kinase domain	540	806	1.4E-66	T	01-10-2025	IPR000719	Protein kinase domain	-	-
UIZ28852.1	5b09429b899c2ed5ab954c4d6be9ed48	717	Pfam	PF00069	Protein kinase domain	377	636	1.7E-55	T	01-10-2025	IPR000719	Protein kinase domain	-	-
UIZ28852.1	5b09429b899c2ed5ab954c4d6be9ed48	717	Pfam	PF00610	Domain found in Dishevelled, Egl-10, and Pleckstrin (DEP)	208	286	1.8E-7	T	01-10-2025	IPR000591	DEP domain	-	-
UIZ28852.1	5b09429b899c2ed5ab954c4d6be9ed48	717	Pfam	PF00168	C2 domain	113	167	3000.0	T	01-10-2025	IPR000008	C2 domain	-	-
UIZ28852.1	5b09429b899c2ed5ab954c4d6be9ed48	717	Pfam	PF00168	C2 domain	31	84	290.0	T	01-10-2025	IPR000008	C2 domain	-	-
