tar,seq_length,Analysis,e_value,All_Domains,acc,Organism Name,Taxid,Tax name,Group name,Superkingdom name,Superkingdom taxid,Kingdom name,Kingdom taxid,Phylum name,Phylum taxid,Class name,Class taxid,Order name,Order taxid,Family name,Family taxid,Genus name,Genus taxid,Species taxid,Super.Group,Domain/Realm name,Domain/Realm taxid
UPR02319.1,574,Pfam,2.1,"PH domain, Protein kinase C terminal domain, Protein kinase domain",GCA_023205875.1,Chloropicon primus,1764295,Chloropicon primus,green algae,Eukaryota,2759,Viridiplantae,33090,Chlorophyta,3041,Chloropicophyceae,2302911,Chloropicales,2302912,Chloropicaceae,2302913,Chloropicon,2302914,1764295,Chlorophyta,NA,NA
WZN65873.1,581,Pfam,5.2e-70,"PH domain, Protein kinase C terminal domain, Protein kinase domain",GCA_038396805.1,Chloropicon roscoffensis,1461544,Chloropicon roscoffensis,green algae,Eukaryota,2759,Viridiplantae,33090,Chlorophyta,3041,Chloropicophyceae,2302911,Chloropicales,2302912,Chloropicaceae,2302913,Chloropicon,2302914,1461544,Chlorophyta,NA,NA
CUG87473.1,455,Pfam,0.37,"PH domain, Protein kinase C terminal domain, Protein kinase domain",GCA_001460835.1,Bodo saltans,75058,Bodo saltans,kinetoplastids,Eukaryota,2759,NA,NA,Euglenozoa,33682,Kinetoplastea,5653,Eubodonida,2704650,Bodonidae,5708,Bodo,5712,75058,Discoba,NA,NA
EFC48508.1,466,Pfam,1.7e-11,"PH domain, Protein kinase C terminal domain, Protein kinase domain",GCA_000004985.1,Naegleria gruberi,5762,Naegleria gruberi,eukaryotes,Eukaryota,2759,NA,NA,Heterolobosea,5752,NA,NA,NA,NA,Vahlkampfiidae,5765,Naegleria,5761,5762,Discoba,NA,NA
KAF0972041.1,463,Pfam,0.65,"PH domain, Protein kinase C terminal domain, Protein kinase domain",GCA_008403515.1,Naegleria fowleri,5763,Naegleria fowleri,eukaryotes,Eukaryota,2759,NA,NA,Heterolobosea,5752,NA,NA,NA,NA,Vahlkampfiidae,5765,Naegleria,5761,5763,Discoba,NA,NA
KAG2383509.1,463,Pfam,1.5e-10,"PH domain, Protein kinase C terminal domain, Protein kinase domain",GCA_003324165.2,Naegleria lovaniensis,51637,Naegleria lovaniensis,eukaryotes,Eukaryota,2759,NA,NA,Heterolobosea,5752,NA,NA,NA,NA,Vahlkampfiidae,5765,Naegleria,5761,51637,Discoba,NA,NA
EAX88736.1,430,Pfam,0.04,"PH domain, Protein kinase C terminal domain, Protein kinase domain",GCA_000002825.3,Trichomonas vaginalis G3,412133,Trichomonas vaginalis G3,trichomonads,Eukaryota,2759,NA,NA,Parabasalia,5719,NA,NA,Trichomonadida,37104,Trichomonadidae,181550,Trichomonas,5721,5722,Metamonada,NA,NA
EAX94066.1,469,Pfam,2e-13,"PH domain, Protein kinase C terminal domain, Protein kinase domain",GCA_000002825.3,Trichomonas vaginalis G3,412133,Trichomonas vaginalis G3,trichomonads,Eukaryota,2759,NA,NA,Parabasalia,5719,NA,NA,Trichomonadida,37104,Trichomonadidae,181550,Trichomonas,5721,5722,Metamonada,NA,NA
EAX95627.1,452,Pfam,2.2999999999999998e-69,"PH domain, Protein kinase C terminal domain, Protein kinase domain",GCA_000002825.3,Trichomonas vaginalis G3,412133,Trichomonas vaginalis G3,trichomonads,Eukaryota,2759,NA,NA,Parabasalia,5719,NA,NA,Trichomonadida,37104,Trichomonadidae,181550,Trichomonas,5721,5722,Metamonada,NA,NA
EAX97940.1,440,Pfam,2.4999999999999997e-69,"PH domain, Protein kinase C terminal domain, Protein kinase domain",GCA_000002825.3,Trichomonas vaginalis G3,412133,Trichomonas vaginalis G3,trichomonads,Eukaryota,2759,NA,NA,Parabasalia,5719,NA,NA,Trichomonadida,37104,Trichomonadidae,181550,Trichomonas,5721,5722,Metamonada,NA,NA
EAY00283.1,441,Pfam,4.4e-14,"PH domain, Protein kinase C terminal domain, Protein kinase domain",GCA_000002825.3,Trichomonas vaginalis G3,412133,Trichomonas vaginalis G3,trichomonads,Eukaryota,2759,NA,NA,Parabasalia,5719,NA,NA,Trichomonadida,37104,Trichomonadidae,181550,Trichomonas,5721,5722,Metamonada,NA,NA
EAY02760.1,431,Pfam,0.63,"PH domain, Protein kinase C terminal domain, Protein kinase domain",GCA_000002825.3,Trichomonas vaginalis G3,412133,Trichomonas vaginalis G3,trichomonads,Eukaryota,2759,NA,NA,Parabasalia,5719,NA,NA,Trichomonadida,37104,Trichomonadidae,181550,Trichomonas,5721,5722,Metamonada,NA,NA
EAY04127.1,426,Pfam,0.016,"PH domain, Protein kinase C terminal domain, Protein kinase domain",GCA_000002825.3,Trichomonas vaginalis G3,412133,Trichomonas vaginalis G3,trichomonads,Eukaryota,2759,NA,NA,Parabasalia,5719,NA,NA,Trichomonadida,37104,Trichomonadidae,181550,Trichomonas,5721,5722,Metamonada,NA,NA
EAY08937.1,431,Pfam,2.9e-63,"PH domain, Protein kinase C terminal domain, Protein kinase domain",GCA_000002825.3,Trichomonas vaginalis G3,412133,Trichomonas vaginalis G3,trichomonads,Eukaryota,2759,NA,NA,Parabasalia,5719,NA,NA,Trichomonadida,37104,Trichomonadidae,181550,Trichomonas,5721,5722,Metamonada,NA,NA
EAY12520.1,434,Pfam,1.1999999999999998e-67,"PH domain, Protein kinase C terminal domain, Protein kinase domain",GCA_000002825.3,Trichomonas vaginalis G3,412133,Trichomonas vaginalis G3,trichomonads,Eukaryota,2759,NA,NA,Parabasalia,5719,NA,NA,Trichomonadida,37104,Trichomonadidae,181550,Trichomonas,5721,5722,Metamonada,NA,NA
EAY12892.1,445,Pfam,1.5999999999999998e-67,"PH domain, Protein kinase C terminal domain, Protein kinase domain",GCA_000002825.3,Trichomonas vaginalis G3,412133,Trichomonas vaginalis G3,trichomonads,Eukaryota,2759,NA,NA,Parabasalia,5719,NA,NA,Trichomonadida,37104,Trichomonadidae,181550,Trichomonas,5721,5722,Metamonada,NA,NA
EAY15483.1,437,Pfam,1.6e-69,"PH domain, Protein kinase C terminal domain, Protein kinase domain",GCA_000002825.3,Trichomonas vaginalis G3,412133,Trichomonas vaginalis G3,trichomonads,Eukaryota,2759,NA,NA,Parabasalia,5719,NA,NA,Trichomonadida,37104,Trichomonadidae,181550,Trichomonas,5721,5722,Metamonada,NA,NA
EAY16833.1,453,Pfam,3.6e-72,"PH domain, Protein kinase C terminal domain, Protein kinase domain",GCA_000002825.3,Trichomonas vaginalis G3,412133,Trichomonas vaginalis G3,trichomonads,Eukaryota,2759,NA,NA,Parabasalia,5719,NA,NA,Trichomonadida,37104,Trichomonadidae,181550,Trichomonas,5721,5722,Metamonada,NA,NA
EAY18750.1,435,Pfam,6.1e-70,"PH domain, Protein kinase C terminal domain, Protein kinase domain",GCA_000002825.3,Trichomonas vaginalis G3,412133,Trichomonas vaginalis G3,trichomonads,Eukaryota,2759,NA,NA,Parabasalia,5719,NA,NA,Trichomonadida,37104,Trichomonadidae,181550,Trichomonas,5721,5722,Metamonada,NA,NA
KAH0786026.1,443,Pfam,2.1e-7,"PH domain, Protein kinase C terminal domain, Protein kinase domain",GCA_020184695.1,Histomonas meleagridis,135588,Histomonas meleagridis,eukaryotes,Eukaryota,2759,NA,NA,Parabasalia,5719,NA,NA,Tritrichomonadida,740972,Dientamoebidae,740973,Histomonas,135587,135588,Metamonada,NA,NA
KAH0786081.1,439,Pfam,4.3999999999999994e-73,"PH domain, Protein kinase C terminal domain, Protein kinase domain",GCA_020184695.1,Histomonas meleagridis,135588,Histomonas meleagridis,eukaryotes,Eukaryota,2759,NA,NA,Parabasalia,5719,NA,NA,Tritrichomonadida,740972,Dientamoebidae,740973,Histomonas,135587,135588,Metamonada,NA,NA
KAH0786277.1,441,Pfam,1.8e-8,"PH domain, Protein kinase C terminal domain, Protein kinase domain",GCA_020184695.1,Histomonas meleagridis,135588,Histomonas meleagridis,eukaryotes,Eukaryota,2759,NA,NA,Parabasalia,5719,NA,NA,Tritrichomonadida,740972,Dientamoebidae,740973,Histomonas,135587,135588,Metamonada,NA,NA
KAH0787512.1,462,Pfam,2.6e-64,"PH domain, Protein kinase C terminal domain, Protein kinase domain",GCA_020184695.1,Histomonas meleagridis,135588,Histomonas meleagridis,eukaryotes,Eukaryota,2759,NA,NA,Parabasalia,5719,NA,NA,Tritrichomonadida,740972,Dientamoebidae,740973,Histomonas,135587,135588,Metamonada,NA,NA
KAH0787546.1,451,Pfam,2.2999999999999998e-69,"PH domain, Protein kinase C terminal domain, Protein kinase domain",GCA_020184695.1,Histomonas meleagridis,135588,Histomonas meleagridis,eukaryotes,Eukaryota,2759,NA,NA,Parabasalia,5719,NA,NA,Tritrichomonadida,740972,Dientamoebidae,740973,Histomonas,135587,135588,Metamonada,NA,NA
KAH0788551.1,441,Pfam,3.4e-10,"PH domain, Protein kinase C terminal domain, Protein kinase domain",GCA_020184695.1,Histomonas meleagridis,135588,Histomonas meleagridis,eukaryotes,Eukaryota,2759,NA,NA,Parabasalia,5719,NA,NA,Tritrichomonadida,740972,Dientamoebidae,740973,Histomonas,135587,135588,Metamonada,NA,NA
KAH0788878.1,441,Pfam,1.2e-10,"PH domain, Protein kinase C terminal domain, Protein kinase domain",GCA_020184695.1,Histomonas meleagridis,135588,Histomonas meleagridis,eukaryotes,Eukaryota,2759,NA,NA,Parabasalia,5719,NA,NA,Tritrichomonadida,740972,Dientamoebidae,740973,Histomonas,135587,135588,Metamonada,NA,NA
KAH0790178.1,444,Pfam,5.3e-69,"PH domain, Protein kinase C terminal domain, Protein kinase domain",GCA_020184695.1,Histomonas meleagridis,135588,Histomonas meleagridis,eukaryotes,Eukaryota,2759,NA,NA,Parabasalia,5719,NA,NA,Tritrichomonadida,740972,Dientamoebidae,740973,Histomonas,135587,135588,Metamonada,NA,NA
KAH0790294.1,439,Pfam,4.2999999999999996e-67,"PH domain, Protein kinase C terminal domain, Protein kinase domain",GCA_020184695.1,Histomonas meleagridis,135588,Histomonas meleagridis,eukaryotes,Eukaryota,2759,NA,NA,Parabasalia,5719,NA,NA,Tritrichomonadida,740972,Dientamoebidae,740973,Histomonas,135587,135588,Metamonada,NA,NA
KAH0792239.1,443,Pfam,4.8999999999999997e-73,"PH domain, Protein kinase C terminal domain, Protein kinase domain",GCA_020184695.1,Histomonas meleagridis,135588,Histomonas meleagridis,eukaryotes,Eukaryota,2759,NA,NA,Parabasalia,5719,NA,NA,Tritrichomonadida,740972,Dientamoebidae,740973,Histomonas,135587,135588,Metamonada,NA,NA
KAH0793265.1,457,Pfam,9e-71,"PH domain, Protein kinase C terminal domain, Protein kinase domain",GCA_020184695.1,Histomonas meleagridis,135588,Histomonas meleagridis,eukaryotes,Eukaryota,2759,NA,NA,Parabasalia,5719,NA,NA,Tritrichomonadida,740972,Dientamoebidae,740973,Histomonas,135587,135588,Metamonada,NA,NA
KAH0793429.1,444,Pfam,9.599999999999998e-69,"PH domain, Protein kinase C terminal domain, Protein kinase domain",GCA_020184695.1,Histomonas meleagridis,135588,Histomonas meleagridis,eukaryotes,Eukaryota,2759,NA,NA,Parabasalia,5719,NA,NA,Tritrichomonadida,740972,Dientamoebidae,740973,Histomonas,135587,135588,Metamonada,NA,NA
KAH0794123.1,432,Pfam,1.1e-66,"PH domain, Protein kinase C terminal domain, Protein kinase domain",GCA_020184695.1,Histomonas meleagridis,135588,Histomonas meleagridis,eukaryotes,Eukaryota,2759,NA,NA,Parabasalia,5719,NA,NA,Tritrichomonadida,740972,Dientamoebidae,740973,Histomonas,135587,135588,Metamonada,NA,NA
KAH0795392.1,439,Pfam,1.3e-66,"PH domain, Protein kinase C terminal domain, Protein kinase domain",GCA_020184695.1,Histomonas meleagridis,135588,Histomonas meleagridis,eukaryotes,Eukaryota,2759,NA,NA,Parabasalia,5719,NA,NA,Tritrichomonadida,740972,Dientamoebidae,740973,Histomonas,135587,135588,Metamonada,NA,NA
KAH0795684.1,441,Pfam,1.5e-15,"PH domain, Protein kinase C terminal domain, Protein kinase domain",GCA_020184695.1,Histomonas meleagridis,135588,Histomonas meleagridis,eukaryotes,Eukaryota,2759,NA,NA,Parabasalia,5719,NA,NA,Tritrichomonadida,740972,Dientamoebidae,740973,Histomonas,135587,135588,Metamonada,NA,NA
KAH0795770.1,442,Pfam,4.2e-11,"PH domain, Protein kinase C terminal domain, Protein kinase domain",GCA_020184695.1,Histomonas meleagridis,135588,Histomonas meleagridis,eukaryotes,Eukaryota,2759,NA,NA,Parabasalia,5719,NA,NA,Tritrichomonadida,740972,Dientamoebidae,740973,Histomonas,135587,135588,Metamonada,NA,NA
KAH0796397.1,441,Pfam,8.9e-7,"PH domain, Protein kinase C terminal domain, Protein kinase domain",GCA_020186115.1,Histomonas meleagridis,135588,Histomonas meleagridis,eukaryotes,Eukaryota,2759,NA,NA,Parabasalia,5719,NA,NA,Tritrichomonadida,740972,Dientamoebidae,740973,Histomonas,135587,135588,Metamonada,NA,NA
KAH0797875.1,444,Pfam,9.599999999999998e-69,"PH domain, Protein kinase C terminal domain, Protein kinase domain",GCA_020186115.1,Histomonas meleagridis,135588,Histomonas meleagridis,eukaryotes,Eukaryota,2759,NA,NA,Parabasalia,5719,NA,NA,Tritrichomonadida,740972,Dientamoebidae,740973,Histomonas,135587,135588,Metamonada,NA,NA
KAH0798320.1,451,Pfam,6e-5,"PH domain, Protein kinase C terminal domain, Protein kinase domain",GCA_020186115.1,Histomonas meleagridis,135588,Histomonas meleagridis,eukaryotes,Eukaryota,2759,NA,NA,Parabasalia,5719,NA,NA,Tritrichomonadida,740972,Dientamoebidae,740973,Histomonas,135587,135588,Metamonada,NA,NA
KAH0798354.1,462,Pfam,2.6e-64,"PH domain, Protein kinase C terminal domain, Protein kinase domain",GCA_020186115.1,Histomonas meleagridis,135588,Histomonas meleagridis,eukaryotes,Eukaryota,2759,NA,NA,Parabasalia,5719,NA,NA,Tritrichomonadida,740972,Dientamoebidae,740973,Histomonas,135587,135588,Metamonada,NA,NA
KAH0798380.1,442,Pfam,4.2e-11,"PH domain, Protein kinase C terminal domain, Protein kinase domain",GCA_020186115.1,Histomonas meleagridis,135588,Histomonas meleagridis,eukaryotes,Eukaryota,2759,NA,NA,Parabasalia,5719,NA,NA,Tritrichomonadida,740972,Dientamoebidae,740973,Histomonas,135587,135588,Metamonada,NA,NA
KAH0798598.1,439,Pfam,4.2999999999999996e-67,"PH domain, Protein kinase C terminal domain, Protein kinase domain",GCA_020186115.1,Histomonas meleagridis,135588,Histomonas meleagridis,eukaryotes,Eukaryota,2759,NA,NA,Parabasalia,5719,NA,NA,Tritrichomonadida,740972,Dientamoebidae,740973,Histomonas,135587,135588,Metamonada,NA,NA
KAH0800922.1,432,Pfam,9.1e-9,"PH domain, Protein kinase C terminal domain, Protein kinase domain",GCA_020186115.1,Histomonas meleagridis,135588,Histomonas meleagridis,eukaryotes,Eukaryota,2759,NA,NA,Parabasalia,5719,NA,NA,Tritrichomonadida,740972,Dientamoebidae,740973,Histomonas,135587,135588,Metamonada,NA,NA
KAH0801930.1,444,Pfam,5.3e-69,"PH domain, Protein kinase C terminal domain, Protein kinase domain",GCA_020186115.1,Histomonas meleagridis,135588,Histomonas meleagridis,eukaryotes,Eukaryota,2759,NA,NA,Parabasalia,5719,NA,NA,Tritrichomonadida,740972,Dientamoebidae,740973,Histomonas,135587,135588,Metamonada,NA,NA
KAH0802739.1,441,Pfam,1.0999999999999999e-69,"PH domain, Protein kinase C terminal domain, Protein kinase domain",GCA_020186115.1,Histomonas meleagridis,135588,Histomonas meleagridis,eukaryotes,Eukaryota,2759,NA,NA,Parabasalia,5719,NA,NA,Tritrichomonadida,740972,Dientamoebidae,740973,Histomonas,135587,135588,Metamonada,NA,NA
KAH0803066.1,439,Pfam,2.4e-6,"PH domain, Protein kinase C terminal domain, Protein kinase domain",GCA_020186115.1,Histomonas meleagridis,135588,Histomonas meleagridis,eukaryotes,Eukaryota,2759,NA,NA,Parabasalia,5719,NA,NA,Tritrichomonadida,740972,Dientamoebidae,740973,Histomonas,135587,135588,Metamonada,NA,NA
KAH0803441.1,443,Pfam,4.8e-6,"PH domain, Protein kinase C terminal domain, Protein kinase domain",GCA_020186115.1,Histomonas meleagridis,135588,Histomonas meleagridis,eukaryotes,Eukaryota,2759,NA,NA,Parabasalia,5719,NA,NA,Tritrichomonadida,740972,Dientamoebidae,740973,Histomonas,135587,135588,Metamonada,NA,NA
KAH0804740.1,439,Pfam,1.3e-66,"PH domain, Protein kinase C terminal domain, Protein kinase domain",GCA_020186115.1,Histomonas meleagridis,135588,Histomonas meleagridis,eukaryotes,Eukaryota,2759,NA,NA,Parabasalia,5719,NA,NA,Tritrichomonadida,740972,Dientamoebidae,740973,Histomonas,135587,135588,Metamonada,NA,NA
KAH0805223.1,443,Pfam,1e-10,"PH domain, Protein kinase C terminal domain, Protein kinase domain",GCA_020186115.1,Histomonas meleagridis,135588,Histomonas meleagridis,eukaryotes,Eukaryota,2759,NA,NA,Parabasalia,5719,NA,NA,Tritrichomonadida,740972,Dientamoebidae,740973,Histomonas,135587,135588,Metamonada,NA,NA
KAH0806127.1,441,Pfam,3.4e-10,"PH domain, Protein kinase C terminal domain, Protein kinase domain",GCA_020186115.1,Histomonas meleagridis,135588,Histomonas meleagridis,eukaryotes,Eukaryota,2759,NA,NA,Parabasalia,5719,NA,NA,Tritrichomonadida,740972,Dientamoebidae,740973,Histomonas,135587,135588,Metamonada,NA,NA
KAH0806339.1,457,Pfam,9e-71,"PH domain, Protein kinase C terminal domain, Protein kinase domain",GCA_020186115.1,Histomonas meleagridis,135588,Histomonas meleagridis,eukaryotes,Eukaryota,2759,NA,NA,Parabasalia,5719,NA,NA,Tritrichomonadida,740972,Dientamoebidae,740973,Histomonas,135587,135588,Metamonada,NA,NA
KAH0806385.1,458,Pfam,1.7e-7,"PH domain, Protein kinase C terminal domain, Protein kinase domain",GCA_020186115.1,Histomonas meleagridis,135588,Histomonas meleagridis,eukaryotes,Eukaryota,2759,NA,NA,Parabasalia,5719,NA,NA,Tritrichomonadida,740972,Dientamoebidae,740973,Histomonas,135587,135588,Metamonada,NA,NA
KAI5483163.1,430,Pfam,0.04,"PH domain, Protein kinase C terminal domain, Protein kinase domain",GCA_026262505.1,Trichomonas vaginalis G3,412133,Trichomonas vaginalis G3,trichomonads,Eukaryota,2759,NA,NA,Parabasalia,5719,NA,NA,Trichomonadida,37104,Trichomonadidae,181550,Trichomonas,5721,5722,Metamonada,NA,NA
KAI5487440.1,452,Pfam,2.2999999999999998e-69,"PH domain, Protein kinase C terminal domain, Protein kinase domain",GCA_026262505.1,Trichomonas vaginalis G3,412133,Trichomonas vaginalis G3,trichomonads,Eukaryota,2759,NA,NA,Parabasalia,5719,NA,NA,Trichomonadida,37104,Trichomonadidae,181550,Trichomonas,5721,5722,Metamonada,NA,NA
KAI5488056.1,469,Pfam,2e-13,"PH domain, Protein kinase C terminal domain, Protein kinase domain",GCA_026262505.1,Trichomonas vaginalis G3,412133,Trichomonas vaginalis G3,trichomonads,Eukaryota,2759,NA,NA,Parabasalia,5719,NA,NA,Trichomonadida,37104,Trichomonadidae,181550,Trichomonas,5721,5722,Metamonada,NA,NA
KAI5490755.1,453,Pfam,3.6e-72,"PH domain, Protein kinase C terminal domain, Protein kinase domain",GCA_026262505.1,Trichomonas vaginalis G3,412133,Trichomonas vaginalis G3,trichomonads,Eukaryota,2759,NA,NA,Parabasalia,5719,NA,NA,Trichomonadida,37104,Trichomonadidae,181550,Trichomonas,5721,5722,Metamonada,NA,NA
KAI5491939.1,445,Pfam,2.9e-14,"PH domain, Protein kinase C terminal domain, Protein kinase domain",GCA_026262505.1,Trichomonas vaginalis G3,412133,Trichomonas vaginalis G3,trichomonads,Eukaryota,2759,NA,NA,Parabasalia,5719,NA,NA,Trichomonadida,37104,Trichomonadidae,181550,Trichomonas,5721,5722,Metamonada,NA,NA
KAI5492715.1,441,Pfam,1.3e-67,"PH domain, Protein kinase C terminal domain, Protein kinase domain",GCA_026262505.1,Trichomonas vaginalis G3,412133,Trichomonas vaginalis G3,trichomonads,Eukaryota,2759,NA,NA,Parabasalia,5719,NA,NA,Trichomonadida,37104,Trichomonadidae,181550,Trichomonas,5721,5722,Metamonada,NA,NA
KAI5500595.1,431,Pfam,0.63,"PH domain, Protein kinase C terminal domain, Protein kinase domain",GCA_026262505.1,Trichomonas vaginalis G3,412133,Trichomonas vaginalis G3,trichomonads,Eukaryota,2759,NA,NA,Parabasalia,5719,NA,NA,Trichomonadida,37104,Trichomonadidae,181550,Trichomonas,5721,5722,Metamonada,NA,NA
KAI5502536.1,440,Pfam,2.4999999999999997e-69,"PH domain, Protein kinase C terminal domain, Protein kinase domain",GCA_026262505.1,Trichomonas vaginalis G3,412133,Trichomonas vaginalis G3,trichomonads,Eukaryota,2759,NA,NA,Parabasalia,5719,NA,NA,Trichomonadida,37104,Trichomonadidae,181550,Trichomonas,5721,5722,Metamonada,NA,NA
KAI5508614.1,431,Pfam,2.9e-63,"PH domain, Protein kinase C terminal domain, Protein kinase domain",GCA_026262505.1,Trichomonas vaginalis G3,412133,Trichomonas vaginalis G3,trichomonads,Eukaryota,2759,NA,NA,Parabasalia,5719,NA,NA,Trichomonadida,37104,Trichomonadidae,181550,Trichomonas,5721,5722,Metamonada,NA,NA
KAI5511493.1,437,Pfam,7.7e-6,"PH domain, Protein kinase C terminal domain, Protein kinase domain",GCA_026262505.1,Trichomonas vaginalis G3,412133,Trichomonas vaginalis G3,trichomonads,Eukaryota,2759,NA,NA,Parabasalia,5719,NA,NA,Trichomonadida,37104,Trichomonadidae,181550,Trichomonas,5721,5722,Metamonada,NA,NA
KAI5539313.1,435,Pfam,6.1e-70,"PH domain, Protein kinase C terminal domain, Protein kinase domain",GCA_026262505.1,Trichomonas vaginalis G3,412133,Trichomonas vaginalis G3,trichomonads,Eukaryota,2759,NA,NA,Parabasalia,5719,NA,NA,Trichomonadida,37104,Trichomonadidae,181550,Trichomonas,5721,5722,Metamonada,NA,NA
KAI5546691.1,431,Pfam,7.3e-4,"PH domain, Protein kinase C terminal domain, Protein kinase domain",GCA_026262505.1,Trichomonas vaginalis G3,412133,Trichomonas vaginalis G3,trichomonads,Eukaryota,2759,NA,NA,Parabasalia,5719,NA,NA,Trichomonadida,37104,Trichomonadidae,181550,Trichomonas,5721,5722,Metamonada,NA,NA
KAI5549860.1,426,Pfam,1.9,"PH domain, Protein kinase C terminal domain, Protein kinase domain",GCA_026262505.1,Trichomonas vaginalis G3,412133,Trichomonas vaginalis G3,trichomonads,Eukaryota,2759,NA,NA,Parabasalia,5719,NA,NA,Trichomonadida,37104,Trichomonadidae,181550,Trichomonas,5721,5722,Metamonada,NA,NA
KAI5554057.1,434,Pfam,1.1999999999999998e-67,"PH domain, Protein kinase C terminal domain, Protein kinase domain",GCA_026262505.1,Trichomonas vaginalis G3,412133,Trichomonas vaginalis G3,trichomonads,Eukaryota,2759,NA,NA,Parabasalia,5719,NA,NA,Trichomonadida,37104,Trichomonadidae,181550,Trichomonas,5721,5722,Metamonada,NA,NA
KAJ3428928.1,442,Pfam,3.3e-6,"PH domain, Protein kinase C terminal domain, Protein kinase domain",GCA_027625915.1,Anaeramoeba flamelloides,1746091,Anaeramoeba flamelloides,eukaryotes,Eukaryota,2759,NA,NA,NA,NA,NA,NA,NA,NA,Anaeramoebidae,3113901,Anaeramoeba,2055135,1746091,Metamonada,NA,NA
KAJ3432351.1,442,Pfam,8.9e-15,"PH domain, Protein kinase C terminal domain, Protein kinase domain",GCA_027625915.1,Anaeramoeba flamelloides,1746091,Anaeramoeba flamelloides,eukaryotes,Eukaryota,2759,NA,NA,NA,NA,NA,NA,NA,NA,Anaeramoebidae,3113901,Anaeramoeba,2055135,1746091,Metamonada,NA,NA
KAJ3432777.1,442,Pfam,2.7e-7,"PH domain, Protein kinase C terminal domain, Protein kinase domain",GCA_027625915.1,Anaeramoeba flamelloides,1746091,Anaeramoeba flamelloides,eukaryotes,Eukaryota,2759,NA,NA,NA,NA,NA,NA,NA,NA,Anaeramoebidae,3113901,Anaeramoeba,2055135,1746091,Metamonada,NA,NA
KAJ3433105.1,452,Pfam,1.4e-19,"PH domain, Protein kinase C terminal domain, Protein kinase domain",GCA_027625915.1,Anaeramoeba flamelloides,1746091,Anaeramoeba flamelloides,eukaryotes,Eukaryota,2759,NA,NA,NA,NA,NA,NA,NA,NA,Anaeramoebidae,3113901,Anaeramoeba,2055135,1746091,Metamonada,NA,NA
KAJ3434370.1,448,Pfam,3.3999999999999998e-68,"PH domain, Protein kinase C terminal domain, Protein kinase domain",GCA_027625915.1,Anaeramoeba flamelloides,1746091,Anaeramoeba flamelloides,eukaryotes,Eukaryota,2759,NA,NA,NA,NA,NA,NA,NA,NA,Anaeramoebidae,3113901,Anaeramoeba,2055135,1746091,Metamonada,NA,NA
KAJ3437418.1,471,Pfam,2e-69,"PH domain, Protein kinase C terminal domain, Protein kinase domain",GCA_027625915.1,Anaeramoeba flamelloides,1746091,Anaeramoeba flamelloides,eukaryotes,Eukaryota,2759,NA,NA,NA,NA,NA,NA,NA,NA,Anaeramoebidae,3113901,Anaeramoeba,2055135,1746091,Metamonada,NA,NA
KAJ3438554.1,552,Pfam,2.5999999999999997e-69,"PH domain, Protein kinase C terminal domain, Protein kinase domain",GCA_027625915.1,Anaeramoeba flamelloides,1746091,Anaeramoeba flamelloides,eukaryotes,Eukaryota,2759,NA,NA,NA,NA,NA,NA,NA,NA,Anaeramoebidae,3113901,Anaeramoeba,2055135,1746091,Metamonada,NA,NA
KAJ3438944.1,444,Pfam,1.4e-19,"PH domain, Protein kinase C terminal domain, Protein kinase domain",GCA_027625915.1,Anaeramoeba flamelloides,1746091,Anaeramoeba flamelloides,eukaryotes,Eukaryota,2759,NA,NA,NA,NA,NA,NA,NA,NA,Anaeramoebidae,3113901,Anaeramoeba,2055135,1746091,Metamonada,NA,NA
KAJ3439364.1,442,Pfam,5.3e-7,"PH domain, Protein kinase C terminal domain, Protein kinase domain",GCA_027625915.1,Anaeramoeba flamelloides,1746091,Anaeramoeba flamelloides,eukaryotes,Eukaryota,2759,NA,NA,NA,NA,NA,NA,NA,NA,Anaeramoebidae,3113901,Anaeramoeba,2055135,1746091,Metamonada,NA,NA
KAJ3439699.1,451,Pfam,1.2e-65,"PH domain, Protein kinase C terminal domain, Protein kinase domain",GCA_027625915.1,Anaeramoeba flamelloides,1746091,Anaeramoeba flamelloides,eukaryotes,Eukaryota,2759,NA,NA,NA,NA,NA,NA,NA,NA,Anaeramoebidae,3113901,Anaeramoeba,2055135,1746091,Metamonada,NA,NA
KAJ3439722.1,441,Pfam,3.4e-7,"PH domain, Protein kinase C terminal domain, Protein kinase domain",GCA_027625915.1,Anaeramoeba flamelloides,1746091,Anaeramoeba flamelloides,eukaryotes,Eukaryota,2759,NA,NA,NA,NA,NA,NA,NA,NA,Anaeramoebidae,3113901,Anaeramoeba,2055135,1746091,Metamonada,NA,NA
KAJ3442547.1,443,Pfam,4.3e-15,"PH domain, Protein kinase C terminal domain, Protein kinase domain",GCA_027625915.1,Anaeramoeba flamelloides,1746091,Anaeramoeba flamelloides,eukaryotes,Eukaryota,2759,NA,NA,NA,NA,NA,NA,NA,NA,Anaeramoebidae,3113901,Anaeramoeba,2055135,1746091,Metamonada,NA,NA
KAJ3444284.1,441,Pfam,2.8e-70,"PH domain, Protein kinase C terminal domain, Protein kinase domain",GCA_027625915.1,Anaeramoeba flamelloides,1746091,Anaeramoeba flamelloides,eukaryotes,Eukaryota,2759,NA,NA,NA,NA,NA,NA,NA,NA,Anaeramoebidae,3113901,Anaeramoeba,2055135,1746091,Metamonada,NA,NA
KAJ3446779.1,443,Pfam,3.4999999999999997e-68,"PH domain, Protein kinase C terminal domain, Protein kinase domain",GCA_027625915.1,Anaeramoeba flamelloides,1746091,Anaeramoeba flamelloides,eukaryotes,Eukaryota,2759,NA,NA,NA,NA,NA,NA,NA,NA,Anaeramoebidae,3113901,Anaeramoeba,2055135,1746091,Metamonada,NA,NA
KAJ3448919.1,444,Pfam,4.2e-69,"PH domain, Protein kinase C terminal domain, Protein kinase domain",GCA_027625915.1,Anaeramoeba flamelloides,1746091,Anaeramoeba flamelloides,eukaryotes,Eukaryota,2759,NA,NA,NA,NA,NA,NA,NA,NA,Anaeramoebidae,3113901,Anaeramoeba,2055135,1746091,Metamonada,NA,NA
KAJ3449524.1,444,Pfam,1.9e-8,"PH domain, Protein kinase C terminal domain, Protein kinase domain",GCA_027625915.1,Anaeramoeba flamelloides,1746091,Anaeramoeba flamelloides,eukaryotes,Eukaryota,2759,NA,NA,NA,NA,NA,NA,NA,NA,Anaeramoebidae,3113901,Anaeramoeba,2055135,1746091,Metamonada,NA,NA
KAJ3452228.1,444,Pfam,1.9e-8,"PH domain, Protein kinase C terminal domain, Protein kinase domain",GCA_027625915.1,Anaeramoeba flamelloides,1746091,Anaeramoeba flamelloides,eukaryotes,Eukaryota,2759,NA,NA,NA,NA,NA,NA,NA,NA,Anaeramoebidae,3113901,Anaeramoeba,2055135,1746091,Metamonada,NA,NA
KAJ5068875.1,441,Pfam,5e-71,"PH domain, Protein kinase C terminal domain, Protein kinase domain",GCA_028826165.1,Anaeramoeba ignava,1746090,Anaeramoeba ignava,eukaryotes,Eukaryota,2759,NA,NA,NA,NA,NA,NA,NA,NA,Anaeramoebidae,3113901,Anaeramoeba,2055135,1746090,Metamonada,NA,NA
KAJ5071551.1,450,Pfam,5.5e-17,"PH domain, Protein kinase C terminal domain, Protein kinase domain",GCA_028826165.1,Anaeramoeba ignava,1746090,Anaeramoeba ignava,eukaryotes,Eukaryota,2759,NA,NA,NA,NA,NA,NA,NA,NA,Anaeramoebidae,3113901,Anaeramoeba,2055135,1746090,Metamonada,NA,NA
KAJ5078432.1,446,Pfam,7.899999999999999e-69,"PH domain, Protein kinase C terminal domain, Protein kinase domain",GCA_028826165.1,Anaeramoeba ignava,1746090,Anaeramoeba ignava,eukaryotes,Eukaryota,2759,NA,NA,NA,NA,NA,NA,NA,NA,Anaeramoebidae,3113901,Anaeramoeba,2055135,1746090,Metamonada,NA,NA
KAJ5079900.1,445,Pfam,3.3e-17,"PH domain, Protein kinase C terminal domain, Protein kinase domain",GCA_028826165.1,Anaeramoeba ignava,1746090,Anaeramoeba ignava,eukaryotes,Eukaryota,2759,NA,NA,NA,NA,NA,NA,NA,NA,Anaeramoebidae,3113901,Anaeramoeba,2055135,1746090,Metamonada,NA,NA
KAJ5080786.1,446,Pfam,1.1000000000000001e-65,"PH domain, Protein kinase C terminal domain, Protein kinase domain",GCA_028826165.1,Anaeramoeba ignava,1746090,Anaeramoeba ignava,eukaryotes,Eukaryota,2759,NA,NA,NA,NA,NA,NA,NA,NA,Anaeramoebidae,3113901,Anaeramoeba,2055135,1746090,Metamonada,NA,NA
KAJ6227709.1,442,Pfam,5.3e-7,"PH domain, Protein kinase C terminal domain, Protein kinase domain",GCA_028892595.1,Anaeramoeba flamelloides,1746091,Anaeramoeba flamelloides,eukaryotes,Eukaryota,2759,NA,NA,NA,NA,NA,NA,NA,NA,Anaeramoebidae,3113901,Anaeramoeba,2055135,1746091,Metamonada,NA,NA
KAJ6227827.1,443,Pfam,4.3e-15,"PH domain, Protein kinase C terminal domain, Protein kinase domain",GCA_028892595.1,Anaeramoeba flamelloides,1746091,Anaeramoeba flamelloides,eukaryotes,Eukaryota,2759,NA,NA,NA,NA,NA,NA,NA,NA,Anaeramoebidae,3113901,Anaeramoeba,2055135,1746091,Metamonada,NA,NA
KAJ6229599.1,444,Pfam,1.9e-8,"PH domain, Protein kinase C terminal domain, Protein kinase domain",GCA_028892595.1,Anaeramoeba flamelloides,1746091,Anaeramoeba flamelloides,eukaryotes,Eukaryota,2759,NA,NA,NA,NA,NA,NA,NA,NA,Anaeramoebidae,3113901,Anaeramoeba,2055135,1746091,Metamonada,NA,NA
KAJ6230059.1,403,Pfam,4.8e-68,"PH domain, Protein kinase C terminal domain, Protein kinase domain",GCA_028892595.1,Anaeramoeba flamelloides,1746091,Anaeramoeba flamelloides,eukaryotes,Eukaryota,2759,NA,NA,NA,NA,NA,NA,NA,NA,Anaeramoebidae,3113901,Anaeramoeba,2055135,1746091,Metamonada,NA,NA
KAJ6233201.1,552,Pfam,3.3999999999999996e-69,"PH domain, Protein kinase C terminal domain, Protein kinase domain",GCA_028892595.1,Anaeramoeba flamelloides,1746091,Anaeramoeba flamelloides,eukaryotes,Eukaryota,2759,NA,NA,NA,NA,NA,NA,NA,NA,Anaeramoebidae,3113901,Anaeramoeba,2055135,1746091,Metamonada,NA,NA
KAJ6233718.1,423,Pfam,9.6e-5,"PH domain, Protein kinase C terminal domain, Protein kinase domain",GCA_028892595.1,Anaeramoeba flamelloides,1746091,Anaeramoeba flamelloides,eukaryotes,Eukaryota,2759,NA,NA,NA,NA,NA,NA,NA,NA,Anaeramoebidae,3113901,Anaeramoeba,2055135,1746091,Metamonada,NA,NA
KAJ6236357.1,444,Pfam,1.9e-8,"PH domain, Protein kinase C terminal domain, Protein kinase domain",GCA_028892595.1,Anaeramoeba flamelloides,1746091,Anaeramoeba flamelloides,eukaryotes,Eukaryota,2759,NA,NA,NA,NA,NA,NA,NA,NA,Anaeramoebidae,3113901,Anaeramoeba,2055135,1746091,Metamonada,NA,NA
KAJ6240301.1,442,Pfam,8.9e-15,"PH domain, Protein kinase C terminal domain, Protein kinase domain",GCA_028892595.1,Anaeramoeba flamelloides,1746091,Anaeramoeba flamelloides,eukaryotes,Eukaryota,2759,NA,NA,NA,NA,NA,NA,NA,NA,Anaeramoebidae,3113901,Anaeramoeba,2055135,1746091,Metamonada,NA,NA
KAJ6244155.1,444,Pfam,1.4e-19,"PH domain, Protein kinase C terminal domain, Protein kinase domain",GCA_028892595.1,Anaeramoeba flamelloides,1746091,Anaeramoeba flamelloides,eukaryotes,Eukaryota,2759,NA,NA,NA,NA,NA,NA,NA,NA,Anaeramoebidae,3113901,Anaeramoeba,2055135,1746091,Metamonada,NA,NA
KAJ6246661.1,452,Pfam,5.2e-67,"PH domain, Protein kinase C terminal domain, Protein kinase domain",GCA_028892595.1,Anaeramoeba flamelloides,1746091,Anaeramoeba flamelloides,eukaryotes,Eukaryota,2759,NA,NA,NA,NA,NA,NA,NA,NA,Anaeramoebidae,3113901,Anaeramoeba,2055135,1746091,Metamonada,NA,NA
KAJ6246982.1,442,Pfam,1.2e-15,"PH domain, Protein kinase C terminal domain, Protein kinase domain",GCA_028892595.1,Anaeramoeba flamelloides,1746091,Anaeramoeba flamelloides,eukaryotes,Eukaryota,2759,NA,NA,NA,NA,NA,NA,NA,NA,Anaeramoebidae,3113901,Anaeramoeba,2055135,1746091,Metamonada,NA,NA
KAJ6248887.1,442,Pfam,6.1e-16,"PH domain, Protein kinase C terminal domain, Protein kinase domain",GCA_028892595.1,Anaeramoeba flamelloides,1746091,Anaeramoeba flamelloides,eukaryotes,Eukaryota,2759,NA,NA,NA,NA,NA,NA,NA,NA,Anaeramoebidae,3113901,Anaeramoeba,2055135,1746091,Metamonada,NA,NA
KAJ6251906.1,441,Pfam,8.600000000000001e-71,"PH domain, Protein kinase C terminal domain, Protein kinase domain",GCA_028892595.1,Anaeramoeba flamelloides,1746091,Anaeramoeba flamelloides,eukaryotes,Eukaryota,2759,NA,NA,NA,NA,NA,NA,NA,NA,Anaeramoebidae,3113901,Anaeramoeba,2055135,1746091,Metamonada,NA,NA
KAJ6252314.1,441,Pfam,2.8e-70,"PH domain, Protein kinase C terminal domain, Protein kinase domain",GCA_028892595.1,Anaeramoeba flamelloides,1746091,Anaeramoeba flamelloides,eukaryotes,Eukaryota,2759,NA,NA,NA,NA,NA,NA,NA,NA,Anaeramoebidae,3113901,Anaeramoeba,2055135,1746091,Metamonada,NA,NA
KAJ6253560.1,444,Pfam,4.1e-69,"PH domain, Protein kinase C terminal domain, Protein kinase domain",GCA_028892595.1,Anaeramoeba flamelloides,1746091,Anaeramoeba flamelloides,eukaryotes,Eukaryota,2759,NA,NA,NA,NA,NA,NA,NA,NA,Anaeramoebidae,3113901,Anaeramoeba,2055135,1746091,Metamonada,NA,NA
KAJ6254877.1,443,Pfam,3.4999999999999997e-68,"PH domain, Protein kinase C terminal domain, Protein kinase domain",GCA_028892595.1,Anaeramoeba flamelloides,1746091,Anaeramoeba flamelloides,eukaryotes,Eukaryota,2759,NA,NA,NA,NA,NA,NA,NA,NA,Anaeramoebidae,3113901,Anaeramoeba,2055135,1746091,Metamonada,NA,NA
KAJ6255356.1,451,Pfam,2.1e-65,"PH domain, Protein kinase C terminal domain, Protein kinase domain",GCA_028892595.1,Anaeramoeba flamelloides,1746091,Anaeramoeba flamelloides,eukaryotes,Eukaryota,2759,NA,NA,NA,NA,NA,NA,NA,NA,Anaeramoebidae,3113901,Anaeramoeba,2055135,1746091,Metamonada,NA,NA
KAK8834899.1,445,Pfam,8.9e-5,"PH domain, Protein kinase C terminal domain, Protein kinase domain",GCA_039105265.1,Tritrichomonas musculus,1915356,Tritrichomonas musculus,eukaryotes,Eukaryota,2759,NA,NA,Parabasalia,5719,NA,NA,Tritrichomonadida,740972,Tritrichomonadidae,740983,Tritrichomonas,5723,1915356,Metamonada,NA,NA
KAK8840355.1,502,Pfam,3.2e-15,"PH domain, Protein kinase C terminal domain, Protein kinase domain",GCA_039105265.1,Tritrichomonas musculus,1915356,Tritrichomonas musculus,eukaryotes,Eukaryota,2759,NA,NA,Parabasalia,5719,NA,NA,Tritrichomonadida,740972,Tritrichomonadidae,740983,Tritrichomonas,5723,1915356,Metamonada,NA,NA
KAK8840649.1,489,Pfam,1.7e-5,"PH domain, Protein kinase C terminal domain, Protein kinase domain",GCA_039105265.1,Tritrichomonas musculus,1915356,Tritrichomonas musculus,eukaryotes,Eukaryota,2759,NA,NA,Parabasalia,5719,NA,NA,Tritrichomonadida,740972,Tritrichomonadidae,740983,Tritrichomonas,5723,1915356,Metamonada,NA,NA
KAK8841192.1,474,Pfam,1.9,"PH domain, Protein kinase C terminal domain, Protein kinase domain",GCA_039105265.1,Tritrichomonas musculus,1915356,Tritrichomonas musculus,eukaryotes,Eukaryota,2759,NA,NA,Parabasalia,5719,NA,NA,Tritrichomonadida,740972,Tritrichomonadidae,740983,Tritrichomonas,5723,1915356,Metamonada,NA,NA
KAK8842861.1,447,Pfam,1.1e-64,"PH domain, Protein kinase C terminal domain, Protein kinase domain",GCA_039105265.1,Tritrichomonas musculus,1915356,Tritrichomonas musculus,eukaryotes,Eukaryota,2759,NA,NA,Parabasalia,5719,NA,NA,Tritrichomonadida,740972,Tritrichomonadidae,740983,Tritrichomonas,5723,1915356,Metamonada,NA,NA
KAK8848115.1,464,Pfam,1.2e-6,"PH domain, Protein kinase C terminal domain, Protein kinase domain",GCA_039105265.1,Tritrichomonas musculus,1915356,Tritrichomonas musculus,eukaryotes,Eukaryota,2759,NA,NA,Parabasalia,5719,NA,NA,Tritrichomonadida,740972,Tritrichomonadidae,740983,Tritrichomonas,5723,1915356,Metamonada,NA,NA
KAK8854306.1,435,Pfam,2.6e-4,"PH domain, Protein kinase C terminal domain, Protein kinase domain",GCA_039105265.1,Tritrichomonas musculus,1915356,Tritrichomonas musculus,eukaryotes,Eukaryota,2759,NA,NA,Parabasalia,5719,NA,NA,Tritrichomonadida,740972,Tritrichomonadidae,740983,Tritrichomonas,5723,1915356,Metamonada,NA,NA
KAK8866524.1,443,Pfam,1.3999999999999999e-63,"PH domain, Protein kinase C terminal domain, Protein kinase domain",GCA_039105265.1,Tritrichomonas musculus,1915356,Tritrichomonas musculus,eukaryotes,Eukaryota,2759,NA,NA,Parabasalia,5719,NA,NA,Tritrichomonadida,740972,Tritrichomonadidae,740983,Tritrichomonas,5723,1915356,Metamonada,NA,NA
KAK8878346.1,449,Pfam,3.2e-14,"PH domain, Protein kinase C terminal domain, Protein kinase domain",GCA_039105265.1,Tritrichomonas musculus,1915356,Tritrichomonas musculus,eukaryotes,Eukaryota,2759,NA,NA,Parabasalia,5719,NA,NA,Tritrichomonadida,740972,Tritrichomonadidae,740983,Tritrichomonas,5723,1915356,Metamonada,NA,NA
KAK8884012.1,445,Pfam,8.9e-5,"PH domain, Protein kinase C terminal domain, Protein kinase domain",GCA_039105265.1,Tritrichomonas musculus,1915356,Tritrichomonas musculus,eukaryotes,Eukaryota,2759,NA,NA,Parabasalia,5719,NA,NA,Tritrichomonadida,740972,Tritrichomonadidae,740983,Tritrichomonas,5723,1915356,Metamonada,NA,NA
KAK8886140.1,462,Pfam,1.2e-68,"PH domain, Protein kinase C terminal domain, Protein kinase domain",GCA_039105265.1,Tritrichomonas musculus,1915356,Tritrichomonas musculus,eukaryotes,Eukaryota,2759,NA,NA,Parabasalia,5719,NA,NA,Tritrichomonadida,740972,Tritrichomonadidae,740983,Tritrichomonas,5723,1915356,Metamonada,NA,NA
KAK8887040.1,440,Pfam,2.3999999999999997e-67,"PH domain, Protein kinase C terminal domain, Protein kinase domain",GCA_039105265.1,Tritrichomonas musculus,1915356,Tritrichomonas musculus,eukaryotes,Eukaryota,2759,NA,NA,Parabasalia,5719,NA,NA,Tritrichomonadida,740972,Tritrichomonadidae,740983,Tritrichomonas,5723,1915356,Metamonada,NA,NA
KAK8893711.1,455,Pfam,4.6e-66,"PH domain, Protein kinase C terminal domain, Protein kinase domain",GCA_039105265.1,Tritrichomonas musculus,1915356,Tritrichomonas musculus,eukaryotes,Eukaryota,2759,NA,NA,Parabasalia,5719,NA,NA,Tritrichomonadida,740972,Tritrichomonadidae,740983,Tritrichomonas,5723,1915356,Metamonada,NA,NA
KAK8896222.1,466,Pfam,1.1e-68,"PH domain, Protein kinase C terminal domain, Protein kinase domain",GCA_039105265.1,Tritrichomonas musculus,1915356,Tritrichomonas musculus,eukaryotes,Eukaryota,2759,NA,NA,Parabasalia,5719,NA,NA,Tritrichomonadida,740972,Tritrichomonadidae,740983,Tritrichomonas,5723,1915356,Metamonada,NA,NA
KAK8900393.1,454,Pfam,4.2999999999999995e-69,"PH domain, Protein kinase C terminal domain, Protein kinase domain",GCA_039105265.1,Tritrichomonas musculus,1915356,Tritrichomonas musculus,eukaryotes,Eukaryota,2759,NA,NA,Parabasalia,5719,NA,NA,Tritrichomonadida,740972,Tritrichomonadidae,740983,Tritrichomonas,5723,1915356,Metamonada,NA,NA
OHS92848.1,449,Pfam,3.5e-70,"PH domain, Protein kinase C terminal domain, Protein kinase domain",GCA_001839685.2,Tritrichomonas foetus,1144522,Tritrichomonas foetus,eukaryotes,Eukaryota,2759,NA,NA,Parabasalia,5719,NA,NA,Tritrichomonadida,740972,Tritrichomonadidae,740983,Tritrichomonas,5723,1144522,Metamonada,NA,NA
OHS95205.1,439,Pfam,2.1e-5,"PH domain, Protein kinase C terminal domain, Protein kinase domain",GCA_001839685.2,Tritrichomonas foetus,1144522,Tritrichomonas foetus,eukaryotes,Eukaryota,2759,NA,NA,Parabasalia,5719,NA,NA,Tritrichomonadida,740972,Tritrichomonadidae,740983,Tritrichomonas,5723,1144522,Metamonada,NA,NA
OHS95875.1,462,Pfam,0.038,"PH domain, Protein kinase C terminal domain, Protein kinase domain",GCA_001839685.2,Tritrichomonas foetus,1144522,Tritrichomonas foetus,eukaryotes,Eukaryota,2759,NA,NA,Parabasalia,5719,NA,NA,Tritrichomonadida,740972,Tritrichomonadidae,740983,Tritrichomonas,5723,1144522,Metamonada,NA,NA
OHS96005.1,450,Pfam,4.9e-70,"PH domain, Protein kinase C terminal domain, Protein kinase domain",GCA_001839685.2,Tritrichomonas foetus,1144522,Tritrichomonas foetus,eukaryotes,Eukaryota,2759,NA,NA,Parabasalia,5719,NA,NA,Tritrichomonadida,740972,Tritrichomonadidae,740983,Tritrichomonas,5723,1144522,Metamonada,NA,NA
OHS96565.1,447,Pfam,2.8e-69,"PH domain, Protein kinase C terminal domain, Protein kinase domain",GCA_001839685.2,Tritrichomonas foetus,1144522,Tritrichomonas foetus,eukaryotes,Eukaryota,2759,NA,NA,Parabasalia,5719,NA,NA,Tritrichomonadida,740972,Tritrichomonadidae,740983,Tritrichomonas,5723,1144522,Metamonada,NA,NA
OHS98046.1,473,Pfam,2.1999999999999998e-69,"PH domain, Protein kinase C terminal domain, Protein kinase domain",GCA_001839685.2,Tritrichomonas foetus,1144522,Tritrichomonas foetus,eukaryotes,Eukaryota,2759,NA,NA,Parabasalia,5719,NA,NA,Tritrichomonadida,740972,Tritrichomonadidae,740983,Tritrichomonas,5723,1144522,Metamonada,NA,NA
OHS99266.1,466,Pfam,4.1e-11,"PH domain, Protein kinase C terminal domain, Protein kinase domain",GCA_001839685.2,Tritrichomonas foetus,1144522,Tritrichomonas foetus,eukaryotes,Eukaryota,2759,NA,NA,Parabasalia,5719,NA,NA,Tritrichomonadida,740972,Tritrichomonadidae,740983,Tritrichomonas,5723,1144522,Metamonada,NA,NA
OHS99881.1,433,Pfam,2.1e-4,"PH domain, Protein kinase C terminal domain, Protein kinase domain",GCA_001839685.2,Tritrichomonas foetus,1144522,Tritrichomonas foetus,eukaryotes,Eukaryota,2759,NA,NA,Parabasalia,5719,NA,NA,Tritrichomonadida,740972,Tritrichomonadidae,740983,Tritrichomonas,5723,1144522,Metamonada,NA,NA
OHT00169.1,500,Pfam,3.9e-16,"PH domain, Protein kinase C terminal domain, Protein kinase domain",GCA_001839685.2,Tritrichomonas foetus,1144522,Tritrichomonas foetus,eukaryotes,Eukaryota,2759,NA,NA,Parabasalia,5719,NA,NA,Tritrichomonadida,740972,Tritrichomonadidae,740983,Tritrichomonas,5723,1144522,Metamonada,NA,NA
OHT01178.1,492,Pfam,2.6e-66,"PH domain, Protein kinase C terminal domain, Protein kinase domain",GCA_001839685.2,Tritrichomonas foetus,1144522,Tritrichomonas foetus,eukaryotes,Eukaryota,2759,NA,NA,Parabasalia,5719,NA,NA,Tritrichomonadida,740972,Tritrichomonadidae,740983,Tritrichomonas,5723,1144522,Metamonada,NA,NA
OHT01273.1,447,Pfam,3.8e-64,"PH domain, Protein kinase C terminal domain, Protein kinase domain",GCA_001839685.2,Tritrichomonas foetus,1144522,Tritrichomonas foetus,eukaryotes,Eukaryota,2759,NA,NA,Parabasalia,5719,NA,NA,Tritrichomonadida,740972,Tritrichomonadidae,740983,Tritrichomonas,5723,1144522,Metamonada,NA,NA
OHT06549.1,477,Pfam,4.0000000000000005e-65,"PH domain, Protein kinase C terminal domain, Protein kinase domain",GCA_001839685.2,Tritrichomonas foetus,1144522,Tritrichomonas foetus,eukaryotes,Eukaryota,2759,NA,NA,Parabasalia,5719,NA,NA,Tritrichomonadida,740972,Tritrichomonadidae,740983,Tritrichomonas,5723,1144522,Metamonada,NA,NA
OHT06835.1,436,Pfam,2.1e-69,"PH domain, Protein kinase C terminal domain, Protein kinase domain",GCA_001839685.2,Tritrichomonas foetus,1144522,Tritrichomonas foetus,eukaryotes,Eukaryota,2759,NA,NA,Parabasalia,5719,NA,NA,Tritrichomonadida,740972,Tritrichomonadidae,740983,Tritrichomonas,5723,1144522,Metamonada,NA,NA
OHT10081.1,535,Pfam,7.6e-49,"PH domain, Protein kinase C terminal domain, Protein kinase domain",GCA_001839685.2,Tritrichomonas foetus,1144522,Tritrichomonas foetus,eukaryotes,Eukaryota,2759,NA,NA,Parabasalia,5719,NA,NA,Tritrichomonadida,740972,Tritrichomonadidae,740983,Tritrichomonas,5723,1144522,Metamonada,NA,NA
OHT11067.1,433,Pfam,9.999999999999999e-69,"PH domain, Protein kinase C terminal domain, Protein kinase domain",GCA_001839685.2,Tritrichomonas foetus,1144522,Tritrichomonas foetus,eukaryotes,Eukaryota,2759,NA,NA,Parabasalia,5719,NA,NA,Tritrichomonadida,740972,Tritrichomonadidae,740983,Tritrichomonas,5723,1144522,Metamonada,NA,NA
OHT11416.1,447,Pfam,5e-8,"PH domain, Protein kinase C terminal domain, Protein kinase domain",GCA_001839685.2,Tritrichomonas foetus,1144522,Tritrichomonas foetus,eukaryotes,Eukaryota,2759,NA,NA,Parabasalia,5719,NA,NA,Tritrichomonadida,740972,Tritrichomonadidae,740983,Tritrichomonas,5723,1144522,Metamonada,NA,NA
OHT14359.1,463,Pfam,2.2e-16,"PH domain, Protein kinase C terminal domain, Protein kinase domain",GCA_001839685.2,Tritrichomonas foetus,1144522,Tritrichomonas foetus,eukaryotes,Eukaryota,2759,NA,NA,Parabasalia,5719,NA,NA,Tritrichomonadida,740972,Tritrichomonadidae,740983,Tritrichomonas,5723,1144522,Metamonada,NA,NA
CCI41224.1,979,Pfam,6.3,"PH domain, Protein kinase C terminal domain, Protein kinase domain",GCA_001078535.1,Albugo candida,65357,Albugo candida,oomycetes,Eukaryota,2759,NA,NA,Oomycota,4762,NA,NA,Albuginales,370421,Albuginaceae,65355,Albugo,65356,65357,Stramenopiles,NA,NA
CCI41225.1,981,Pfam,6.3,"PH domain, Protein kinase C terminal domain, Protein kinase domain",GCA_001078535.1,Albugo candida,65357,Albugo candida,oomycetes,Eukaryota,2759,NA,NA,Oomycota,4762,NA,NA,Albuginales,370421,Albuginaceae,65355,Albugo,65356,65357,Stramenopiles,NA,NA
KAL0592249.1,981,Pfam,6.3,"PH domain, Protein kinase C terminal domain, Protein kinase domain",GCA_040437565.1,Albugo candida,65357,Albugo candida,oomycetes,Eukaryota,2759,NA,NA,Oomycota,4762,NA,NA,Albuginales,370421,Albuginaceae,65355,Albugo,65356,65357,Stramenopiles,NA,NA
XP_044556756.1,463,Pfam,4e-11,"PH domain, Protein kinase C terminal domain, Protein kinase domain",GCF_008403515.1,Naegleria fowleri,5763,Naegleria fowleri,eukaryotes,NA,NA,NA,NA,Heterolobosea,5752,NA,NA,NA,NA,Vahlkampfiidae,5765,Naegleria,5761,5763,Discoba,Eukaryota,2759
NP_001014431.1,480,Pfam,3.5e-7,"PH domain, Protein kinase C terminal domain, Protein kinase domain",GCF_000001405.40,Homo sapiens,9606,Homo sapiens,primates,NA,NA,Metazoa,33208,Chordata,7711,Mammalia,40674,Primates,9443,Hominidae,9604,Homo,9605,9606,Opisthokonta,Eukaryota,2759
NP_001014432.1,480,Pfam,3.5e-7,"PH domain, Protein kinase C terminal domain, Protein kinase domain",GCF_000001405.40,Homo sapiens,9606,Homo sapiens,primates,NA,NA,Metazoa,33208,Chordata,7711,Mammalia,40674,Primates,9443,Hominidae,9604,Homo,9605,9606,Opisthokonta,Eukaryota,2759
NP_001193658.1,465,Pfam,8.3e-5,"PH domain, Protein kinase C terminal domain, Protein kinase domain",GCF_000001405.40,Homo sapiens,9606,Homo sapiens,primates,NA,NA,Metazoa,33208,Chordata,7711,Mammalia,40674,Primates,9443,Hominidae,9604,Homo,9605,9606,Opisthokonta,Eukaryota,2759
NP_001229956.1,419,Pfam,0.0072,"PH domain, Protein kinase C terminal domain, Protein kinase domain",GCF_000001405.40,Homo sapiens,9606,Homo sapiens,primates,NA,NA,Metazoa,33208,Chordata,7711,Mammalia,40674,Primates,9443,Hominidae,9604,Homo,9605,9606,Opisthokonta,Eukaryota,2759
NP_001229957.1,419,Pfam,1.6e-76,"PH domain, Protein kinase C terminal domain, Protein kinase domain",GCF_000001405.40,Homo sapiens,9606,Homo sapiens,primates,NA,NA,Metazoa,33208,Chordata,7711,Mammalia,40674,Primates,9443,Hominidae,9604,Homo,9605,9606,Opisthokonta,Eukaryota,2759
NP_001287353.1,530,Pfam,4.8999999999999997e-73,"PH domain, Protein kinase C terminal domain, Protein kinase domain",GCF_000001215.4,Drosophila melanogaster,7227,Drosophila melanogaster,flies,NA,NA,Metazoa,33208,Arthropoda,6656,Insecta,50557,Diptera,7147,Drosophilidae,7214,Drosophila,7215,7227,Opisthokonta,Eukaryota,2759
NP_001287354.1,530,Pfam,4.8999999999999997e-73,"PH domain, Protein kinase C terminal domain, Protein kinase domain",GCF_000001215.4,Drosophila melanogaster,7227,Drosophila melanogaster,flies,NA,NA,Metazoa,33208,Arthropoda,6656,Insecta,50557,Diptera,7147,Drosophilidae,7214,Drosophila,7215,7227,Opisthokonta,Eukaryota,2759
NP_001357003.1,479,Pfam,1.3e-13,"PH domain, Protein kinase C terminal domain, Protein kinase domain",GCF_000001405.40,Homo sapiens,9606,Homo sapiens,primates,NA,NA,Metazoa,33208,Chordata,7711,Mammalia,40674,Primates,9443,Hominidae,9604,Homo,9605,9606,Opisthokonta,Eukaryota,2759
NP_001369359.1,480,Pfam,3.5e-7,"PH domain, Protein kinase C terminal domain, Protein kinase domain",GCF_000001405.40,Homo sapiens,9606,Homo sapiens,primates,NA,NA,Metazoa,33208,Chordata,7711,Mammalia,40674,Primates,9443,Hominidae,9604,Homo,9605,9606,Opisthokonta,Eukaryota,2759
NP_001369360.1,480,Pfam,3.5e-7,"PH domain, Protein kinase C terminal domain, Protein kinase domain",GCF_000001405.40,Homo sapiens,9606,Homo sapiens,primates,NA,NA,Metazoa,33208,Chordata,7711,Mammalia,40674,Primates,9443,Hominidae,9604,Homo,9605,9606,Opisthokonta,Eukaryota,2759
NP_001369361.1,480,Pfam,1.2e-15,"PH domain, Protein kinase C terminal domain, Protein kinase domain",GCF_000001405.40,Homo sapiens,9606,Homo sapiens,primates,NA,NA,Metazoa,33208,Chordata,7711,Mammalia,40674,Primates,9443,Hominidae,9604,Homo,9605,9606,Opisthokonta,Eukaryota,2759
NP_001369362.1,480,Pfam,1.2e-15,"PH domain, Protein kinase C terminal domain, Protein kinase domain",GCF_000001405.40,Homo sapiens,9606,Homo sapiens,primates,NA,NA,Metazoa,33208,Chordata,7711,Mammalia,40674,Primates,9443,Hominidae,9604,Homo,9605,9606,Opisthokonta,Eukaryota,2759
NP_001617.1,481,Pfam,3.4e-6,"PH domain, Protein kinase C terminal domain, Protein kinase domain",GCF_000001405.40,Homo sapiens,9606,Homo sapiens,primates,NA,NA,Metazoa,33208,Chordata,7711,Mammalia,40674,Primates,9443,Hominidae,9604,Homo,9605,9606,Opisthokonta,Eukaryota,2759
NP_005154.2,480,Pfam,3.5e-7,"PH domain, Protein kinase C terminal domain, Protein kinase domain",GCF_000001405.40,Homo sapiens,9606,Homo sapiens,primates,NA,NA,Metazoa,33208,Chordata,7711,Mammalia,40674,Primates,9443,Hominidae,9604,Homo,9605,9606,Opisthokonta,Eukaryota,2759
NP_005456.1,479,Pfam,1.3e-13,"PH domain, Protein kinase C terminal domain, Protein kinase domain",GCF_000001405.40,Homo sapiens,9606,Homo sapiens,primates,NA,NA,Metazoa,33208,Chordata,7711,Mammalia,40674,Primates,9443,Hominidae,9604,Homo,9605,9606,Opisthokonta,Eukaryota,2759
NP_732113.3,611,Pfam,9.9e-16,"PH domain, Protein kinase C terminal domain, Protein kinase domain",GCF_000001215.4,Drosophila melanogaster,7227,Drosophila melanogaster,flies,NA,NA,Metazoa,33208,Arthropoda,6656,Insecta,50557,Diptera,7147,Drosophilidae,7214,Drosophila,7215,7227,Opisthokonta,Eukaryota,2759
NP_732114.1,530,Pfam,4.8999999999999997e-73,"PH domain, Protein kinase C terminal domain, Protein kinase domain",GCF_000001215.4,Drosophila melanogaster,7227,Drosophila melanogaster,flies,NA,NA,Metazoa,33208,Arthropoda,6656,Insecta,50557,Diptera,7147,Drosophilidae,7214,Drosophila,7215,7227,Opisthokonta,Eukaryota,2759
NP_732115.1,530,Pfam,4.8999999999999997e-73,"PH domain, Protein kinase C terminal domain, Protein kinase domain",GCF_000001215.4,Drosophila melanogaster,7227,Drosophila melanogaster,flies,NA,NA,Metazoa,33208,Arthropoda,6656,Insecta,50557,Diptera,7147,Drosophilidae,7214,Drosophila,7215,7227,Opisthokonta,Eukaryota,2759
NP_859029.1,465,Pfam,8.3e-5,"PH domain, Protein kinase C terminal domain, Protein kinase domain",GCF_000001405.40,Homo sapiens,9606,Homo sapiens,primates,NA,NA,Metazoa,33208,Chordata,7711,Mammalia,40674,Primates,9443,Hominidae,9604,Homo,9605,9606,Opisthokonta,Eukaryota,2759
XP_047287025.1,480,Pfam,1.2e-15,"PH domain, Protein kinase C terminal domain, Protein kinase domain",GCF_000001405.40,Homo sapiens,9606,Homo sapiens,primates,NA,NA,Metazoa,33208,Chordata,7711,Mammalia,40674,Primates,9443,Hominidae,9604,Homo,9605,9606,Opisthokonta,Eukaryota,2759
XP_047287026.1,480,Pfam,3.5e-7,"PH domain, Protein kinase C terminal domain, Protein kinase domain",GCF_000001405.40,Homo sapiens,9606,Homo sapiens,primates,NA,NA,Metazoa,33208,Chordata,7711,Mammalia,40674,Primates,9443,Hominidae,9604,Homo,9605,9606,Opisthokonta,Eukaryota,2759
XP_047287027.1,480,Pfam,1.2e-15,"PH domain, Protein kinase C terminal domain, Protein kinase domain",GCF_000001405.40,Homo sapiens,9606,Homo sapiens,primates,NA,NA,Metazoa,33208,Chordata,7711,Mammalia,40674,Primates,9443,Hominidae,9604,Homo,9605,9606,Opisthokonta,Eukaryota,2759
XP_047287028.1,480,Pfam,3.5e-7,"PH domain, Protein kinase C terminal domain, Protein kinase domain",GCF_000001405.40,Homo sapiens,9606,Homo sapiens,primates,NA,NA,Metazoa,33208,Chordata,7711,Mammalia,40674,Primates,9443,Hominidae,9604,Homo,9605,9606,Opisthokonta,Eukaryota,2759
XP_047287029.1,480,Pfam,1.2e-15,"PH domain, Protein kinase C terminal domain, Protein kinase domain",GCF_000001405.40,Homo sapiens,9606,Homo sapiens,primates,NA,NA,Metazoa,33208,Chordata,7711,Mammalia,40674,Primates,9443,Hominidae,9604,Homo,9605,9606,Opisthokonta,Eukaryota,2759
XP_047287030.1,480,Pfam,3.5e-7,"PH domain, Protein kinase C terminal domain, Protein kinase domain",GCF_000001405.40,Homo sapiens,9606,Homo sapiens,primates,NA,NA,Metazoa,33208,Chordata,7711,Mammalia,40674,Primates,9443,Hominidae,9604,Homo,9605,9606,Opisthokonta,Eukaryota,2759
XP_047287031.1,480,Pfam,1.2e-15,"PH domain, Protein kinase C terminal domain, Protein kinase domain",GCF_000001405.40,Homo sapiens,9606,Homo sapiens,primates,NA,NA,Metazoa,33208,Chordata,7711,Mammalia,40674,Primates,9443,Hominidae,9604,Homo,9605,9606,Opisthokonta,Eukaryota,2759
XP_054184598.1,479,Pfam,1.3e-13,"PH domain, Protein kinase C terminal domain, Protein kinase domain",GCF_000001405.40,Homo sapiens,9606,Homo sapiens,primates,NA,NA,Metazoa,33208,Chordata,7711,Mammalia,40674,Primates,9443,Hominidae,9604,Homo,9605,9606,Opisthokonta,Eukaryota,2759
XP_054189659.1,479,Pfam,1.3e-13,"PH domain, Protein kinase C terminal domain, Protein kinase domain",GCF_009914755.1,Homo sapiens,9606,Homo sapiens,primates,NA,NA,Metazoa,33208,Chordata,7711,Mammalia,40674,Primates,9443,Hominidae,9604,Homo,9605,9606,Opisthokonta,Eukaryota,2759
XP_054231528.1,480,Pfam,1.2e-15,"PH domain, Protein kinase C terminal domain, Protein kinase domain",GCF_009914755.1,Homo sapiens,9606,Homo sapiens,primates,NA,NA,Metazoa,33208,Chordata,7711,Mammalia,40674,Primates,9443,Hominidae,9604,Homo,9605,9606,Opisthokonta,Eukaryota,2759
XP_054231529.1,480,Pfam,3.5e-7,"PH domain, Protein kinase C terminal domain, Protein kinase domain",GCF_009914755.1,Homo sapiens,9606,Homo sapiens,primates,NA,NA,Metazoa,33208,Chordata,7711,Mammalia,40674,Primates,9443,Hominidae,9604,Homo,9605,9606,Opisthokonta,Eukaryota,2759
XP_054231530.1,480,Pfam,1.2e-15,"PH domain, Protein kinase C terminal domain, Protein kinase domain",GCF_009914755.1,Homo sapiens,9606,Homo sapiens,primates,NA,NA,Metazoa,33208,Chordata,7711,Mammalia,40674,Primates,9443,Hominidae,9604,Homo,9605,9606,Opisthokonta,Eukaryota,2759
XP_054231531.1,480,Pfam,1.2e-15,"PH domain, Protein kinase C terminal domain, Protein kinase domain",GCF_009914755.1,Homo sapiens,9606,Homo sapiens,primates,NA,NA,Metazoa,33208,Chordata,7711,Mammalia,40674,Primates,9443,Hominidae,9604,Homo,9605,9606,Opisthokonta,Eukaryota,2759
XP_054231532.1,480,Pfam,1.2e-15,"PH domain, Protein kinase C terminal domain, Protein kinase domain",GCF_009914755.1,Homo sapiens,9606,Homo sapiens,primates,NA,NA,Metazoa,33208,Chordata,7711,Mammalia,40674,Primates,9443,Hominidae,9604,Homo,9605,9606,Opisthokonta,Eukaryota,2759
XP_054231533.1,480,Pfam,1.2e-15,"PH domain, Protein kinase C terminal domain, Protein kinase domain",GCF_009914755.1,Homo sapiens,9606,Homo sapiens,primates,NA,NA,Metazoa,33208,Chordata,7711,Mammalia,40674,Primates,9443,Hominidae,9604,Homo,9605,9606,Opisthokonta,Eukaryota,2759
